This file contains any messages produced by compilers while
running configure, to aid debugging if configure makes a mistake.

It was created by configure, which was
generated by GNU Autoconf 2.71.  Invocation command line was

  $ ./configure --enable-server --with-bdb-dir=/usr/local/BerkeleyDB.4.2 --with-berkeley-db=/usr/local/BerkeleyDB.4.2 --enable-client --enable-testing

## --------- ##
## Platform. ##
## --------- ##

hostname = lwz-ubuntu
uname -m = x86_64
uname -r = 5.19.0-41-generic
uname -s = Linux
uname -v = #42~22.04.1-Ubuntu SMP PREEMPT_DYNAMIC Tue Apr 18 17:40:00 UTC 2

/usr/bin/uname -p = x86_64
/bin/uname -X     = unknown

/bin/arch              = x86_64
/usr/bin/arch -k       = unknown
/usr/convex/getsysinfo = unknown
/usr/bin/hostinfo      = unknown
/bin/machine           = unknown
/usr/bin/oslevel       = unknown
/bin/universe          = unknown

PATH: /home/lwz/.local/bin/
PATH: /home/lwz/bin/
PATH: /home/lwz/.local/bin/
PATH: /home/lwz/bin/
PATH: /usr/local/sbin/
PATH: /usr/local/bin/
PATH: /usr/sbin/
PATH: /usr/bin/
PATH: /sbin/
PATH: /bin/
PATH: /usr/games/
PATH: /usr/local/games/
PATH: /snap/bin/
PATH: /snap/bin/
PATH: /home/lwz/pkg/clang+llvm-16.0.0/bin/
PATH: /usr/local/go/bin/


## ----------- ##
## Core tests. ##
## ----------- ##

configure:3118: looking for aux files: config.guess config.sub ltmain.sh compile missing install-sh
configure:3131:  trying ./config/
configure:3160:   ./config/config.guess found
configure:3160:   ./config/config.sub found
configure:3160:   ./config/ltmain.sh found
configure:3160:   ./config/compile found
configure:3160:   ./config/missing found
configure:3142:   ./config/install-sh found
configure:3294: checking for a BSD-compatible install
configure:3367: result: /usr/bin/install -c
configure:3378: checking whether build environment is sane
configure:3433: result: yes
configure:3468: WARNING: 'missing' script is too old or missing
configure:3592: checking for a race-free mkdir -p
configure:3636: result: /usr/bin/mkdir -p
configure:3643: checking for gawk
configure:3678: result: no
configure:3643: checking for mawk
configure:3664: found /usr/bin/mawk
configure:3675: result: mawk
configure:3686: checking whether make sets $(MAKE)
configure:3709: result: yes
configure:3739: checking whether make supports nested variables
configure:3757: result: yes
configure:3936: WARNING: server enabled
configure:4059: checking for gcc
configure:4080: found /usr/bin/gcc
configure:4091: result: gcc
configure:4444: checking for C compiler version
configure:4453: gcc --version >&5
gcc (Ubuntu 5.3.1-14ubuntu2) 5.3.1 20160413
Copyright (C) 2015 Free Software Foundation, Inc.
This is free software; see the source for copying conditions.  There is NO
warranty; not even for MERCHANTABILITY or FITNESS FOR A PARTICULAR PURPOSE.

configure:4464: $? = 0
configure:4453: gcc -v >&5
Using built-in specs.
COLLECT_GCC=gcc
COLLECT_LTO_WRAPPER=/usr/lib/gcc/x86_64-linux-gnu/5/lto-wrapper
Target: x86_64-linux-gnu
Configured with: ../src/configure -v --with-pkgversion='Ubuntu 5.3.1-14ubuntu2' --with-bugurl=file:///usr/share/doc/gcc-5/README.Bugs --enable-languages=c,ada,c++,java,go,d,fortran,objc,obj-c++ --prefix=/usr --program-suffix=-5 --enable-shared --enable-linker-build-id --libexecdir=/usr/lib --without-included-gettext --enable-threads=posix --libdir=/usr/lib --enable-nls --with-sysroot=/ --enable-clocale=gnu --enable-libstdcxx-debug --enable-libstdcxx-time=yes --with-default-libstdcxx-abi=new --enable-gnu-unique-object --disable-vtable-verify --enable-libmpx --enable-plugin --with-system-zlib --disable-browser-plugin --enable-java-awt=gtk --enable-gtk-cairo --with-java-home=/usr/lib/jvm/java-1.5.0-gcj-5-amd64/jre --enable-java-home --with-jvm-root-dir=/usr/lib/jvm/java-1.5.0-gcj-5-amd64 --with-jvm-jar-dir=/usr/lib/jvm-exports/java-1.5.0-gcj-5-amd64 --with-arch-directory=amd64 --with-ecj-jar=/usr/share/java/eclipse-ecj.jar --enable-objc-gc --enable-multiarch --disable-werror --with-arch-32=i686 --with-abi=m64 --with-multilib-list=m32,m64,mx32 --enable-multilib --with-tune=generic --enable-checking=release --build=x86_64-linux-gnu --host=x86_64-linux-gnu --target=x86_64-linux-gnu
Thread model: posix
gcc version 5.3.1 20160413 (Ubuntu 5.3.1-14ubuntu2) 
configure:4464: $? = 0
configure:4453: gcc -V >&5
gcc: error: unrecognized command line option '-V'
gcc: fatal error: no input files
compilation terminated.
configure:4464: $? = 1
configure:4453: gcc -qversion >&5
gcc: error: unrecognized command line option '-qversion'
gcc: fatal error: no input files
compilation terminated.
configure:4464: $? = 1
configure:4453: gcc -version >&5
gcc: error: unrecognized command line option '-version'
gcc: fatal error: no input files
compilation terminated.
configure:4464: $? = 1
configure:4484: checking whether the C compiler works
configure:4506: gcc    conftest.c  >&5
configure:4510: $? = 0
configure:4560: result: yes
configure:4563: checking for C compiler default output file name
configure:4565: result: a.out
configure:4571: checking for suffix of executables
configure:4578: gcc -o conftest    conftest.c  >&5
configure:4582: $? = 0
configure:4605: result: 
configure:4627: checking whether we are cross compiling
configure:4635: gcc -o conftest    conftest.c  >&5
configure:4639: $? = 0
configure:4646: ./conftest
configure:4650: $? = 0
configure:4665: result: no
configure:4670: checking for suffix of object files
configure:4693: gcc -c   conftest.c >&5
configure:4697: $? = 0
configure:4719: result: o
configure:4723: checking whether the compiler supports GNU C
configure:4743: gcc -c   conftest.c >&5
configure:4743: $? = 0
configure:4753: result: yes
configure:4764: checking whether gcc accepts -g
configure:4785: gcc -c -g  conftest.c >&5
configure:4785: $? = 0
configure:4829: result: yes
configure:4849: checking for gcc option to enable C11 features
configure:4864: gcc  -c -g -O2  conftest.c >&5
configure:4864: $? = 0
configure:4882: result: none needed
configure:4998: checking whether gcc understands -c and -o together
configure:5021: gcc -c conftest.c -o conftest2.o
configure:5024: $? = 0
configure:5021: gcc -c conftest.c -o conftest2.o
configure:5024: $? = 0
configure:5036: result: yes
configure:5056: checking whether make supports the include directive
configure:5071: make -f confmf.GNU && cat confinc.out
this is the am__doit target
configure:5074: $? = 0
configure:5093: result: yes (GNU style)
configure:5119: checking dependency style of gcc
configure:5231: result: gcc3
configure:5278: checking build system type
configure:5293: result: x86_64-unknown-linux-gnu
configure:5313: checking host system type
configure:5327: result: x86_64-unknown-linux-gnu
configure:5368: checking how to print strings
configure:5395: result: printf
configure:5416: checking for a sed that does not truncate output
configure:5486: result: /usr/bin/sed
configure:5504: checking for grep that handles long lines and -e
configure:5568: result: /usr/bin/grep
configure:5573: checking for egrep
configure:5641: result: /usr/bin/grep -E
configure:5646: checking for fgrep
configure:5714: result: /usr/bin/grep -F
configure:5750: checking for ld used by gcc
configure:5818: result: /usr/bin/ld
configure:5825: checking if the linker (/usr/bin/ld) is GNU ld
configure:5841: result: yes
configure:5853: checking for BSD- or MS-compatible name lister (nm)
configure:5908: result: /usr/bin/nm -B
configure:6048: checking the name lister (/usr/bin/nm -B) interface
configure:6056: gcc -c -g -O2  conftest.c >&5
configure:6059: /usr/bin/nm -B "conftest.o"
configure:6062: output
0000000000000000 B some_variable
configure:6069: result: BSD nm
configure:6072: checking whether ln -s works
configure:6076: result: yes
configure:6084: checking the maximum length of command line arguments
configure:6216: result: 1572864
configure:6264: checking how to convert x86_64-unknown-linux-gnu file names to x86_64-unknown-linux-gnu format
configure:6305: result: func_convert_file_noop
configure:6312: checking how to convert x86_64-unknown-linux-gnu file names to toolchain format
configure:6333: result: func_convert_file_noop
configure:6340: checking for /usr/bin/ld option to reload object files
configure:6348: result: -r
configure:6427: checking for file
configure:6448: found /usr/bin/file
configure:6459: result: file
configure:6535: checking for objdump
configure:6556: found /usr/bin/objdump
configure:6567: result: objdump
configure:6599: checking how to recognize dependent libraries
configure:6800: result: pass_all
configure:6890: checking for dlltool
configure:6925: result: no
configure:6955: checking how to associate runtime and link libraries
configure:6983: result: printf %s\n
configure:7049: checking for ar
configure:7070: found /usr/bin/ar
configure:7081: result: ar
configure:7134: checking for archiver @FILE support
configure:7152: gcc -c -g -O2  conftest.c >&5
configure:7152: $? = 0
configure:7156: ar cr libconftest.a @conftest.lst >&5
configure:7159: $? = 0
configure:7164: ar cr libconftest.a @conftest.lst >&5
ar: conftest.o: No such file or directory
configure:7167: $? = 1
configure:7179: result: @
configure:7242: checking for strip
configure:7263: found /usr/bin/strip
configure:7274: result: strip
configure:7351: checking for ranlib
configure:7372: found /usr/bin/ranlib
configure:7383: result: ranlib
configure:7485: checking command to parse /usr/bin/nm -B output from gcc object
configure:7639: gcc -c -g -O2  conftest.c >&5
configure:7642: $? = 0
configure:7646: /usr/bin/nm -B conftest.o | /usr/bin/sed -n -e 's/^.*[	 ]\([ABCDGIRSTW][ABCDGIRSTW]*\)[	 ][	 ]*\([_A-Za-z][_A-Za-z0-9]*\)$/\1 \2 \2/p' | /usr/bin/sed '/ __gnu_lto/d' > conftest.nm
configure:7712: gcc -o conftest -g -O2   conftest.c conftstm.o >&5
configure:7715: $? = 0
configure:7753: result: ok
configure:7800: checking for sysroot
configure:7831: result: no
configure:7838: checking for a working dd
configure:7882: result: /usr/bin/dd
configure:7886: checking how to truncate binary pipes
configure:7902: result: /usr/bin/dd bs=4096 count=1
configure:8039: gcc -c -g -O2  conftest.c >&5
configure:8042: $? = 0
configure:8239: checking for mt
configure:8260: found /usr/bin/mt
configure:8271: result: mt
configure:8294: checking if mt is a manifest tool
configure:8301: mt '-?'
configure:8309: result: no
configure:9034: checking for stdio.h
configure:9034: gcc -c -g -O2  conftest.c >&5
configure:9034: $? = 0
configure:9034: result: yes
configure:9034: checking for stdlib.h
configure:9034: gcc -c -g -O2  conftest.c >&5
configure:9034: $? = 0
configure:9034: result: yes
configure:9034: checking for string.h
configure:9034: gcc -c -g -O2  conftest.c >&5
configure:9034: $? = 0
configure:9034: result: yes
configure:9034: checking for inttypes.h
configure:9034: gcc -c -g -O2  conftest.c >&5
configure:9034: $? = 0
configure:9034: result: yes
configure:9034: checking for stdint.h
configure:9034: gcc -c -g -O2  conftest.c >&5
configure:9034: $? = 0
configure:9034: result: yes
configure:9034: checking for strings.h
configure:9034: gcc -c -g -O2  conftest.c >&5
configure:9034: $? = 0
configure:9034: result: yes
configure:9034: checking for sys/stat.h
configure:9034: gcc -c -g -O2  conftest.c >&5
configure:9034: $? = 0
configure:9034: result: yes
configure:9034: checking for sys/types.h
configure:9034: gcc -c -g -O2  conftest.c >&5
configure:9034: $? = 0
configure:9034: result: yes
configure:9034: checking for unistd.h
configure:9034: gcc -c -g -O2  conftest.c >&5
configure:9034: $? = 0
configure:9034: result: yes
configure:9059: checking for dlfcn.h
configure:9059: gcc -c -g -O2  conftest.c >&5
configure:9059: $? = 0
configure:9059: result: yes
configure:9318: checking for objdir
configure:9334: result: .libs
configure:9594: checking if gcc supports -fno-rtti -fno-exceptions
configure:9613: gcc -c -g -O2  -fno-rtti -fno-exceptions conftest.c >&5
cc1: warning: command line option '-fno-rtti' is valid for C++/ObjC++ but not for C
configure:9617: $? = 0
configure:9630: result: no
configure:9994: checking for gcc option to produce PIC
configure:10002: result: -fPIC -DPIC
configure:10010: checking if gcc PIC flag -fPIC -DPIC works
configure:10029: gcc -c -g -O2  -fPIC -DPIC -DPIC conftest.c >&5
configure:10033: $? = 0
configure:10046: result: yes
configure:10075: checking if gcc static flag -static works
configure:10104: result: yes
configure:10119: checking if gcc supports -c -o file.o
configure:10141: gcc -c -g -O2  -o out/conftest2.o conftest.c >&5
configure:10145: $? = 0
configure:10167: result: yes
configure:10175: checking if gcc supports -c -o file.o
configure:10223: result: yes
configure:10256: checking whether the gcc linker (/usr/bin/ld -m elf_x86_64) supports shared libraries
configure:11530: result: yes
configure:11567: checking whether -lc should be explicitly linked in
configure:11576: gcc -c -g -O2  conftest.c >&5
configure:11579: $? = 0
configure:11594: gcc -shared  -fPIC -DPIC conftest.o  -v -Wl,-soname -Wl,conftest -o conftest 2\>\&1 \| /usr/bin/grep  -lc  \>/dev/null 2\>\&1
configure:11597: $? = 0
configure:11611: result: no
configure:11771: checking dynamic linker characteristics
configure:12353: gcc -o conftest -g -O2   -Wl,-rpath -Wl,/foo conftest.c  >&5
configure:12353: $? = 0
configure:12604: result: GNU/Linux ld.so
configure:12726: checking how to hardcode library paths into programs
configure:12751: result: immediate
configure:13303: checking whether stripping libraries is possible
configure:13312: result: yes
configure:13354: checking if libtool supports shared libraries
configure:13356: result: yes
configure:13359: checking whether to build shared libraries
configure:13384: result: yes
configure:13387: checking whether to build static libraries
configure:13391: result: yes
configure:13429: checking for string.h
configure:13429: result: yes
configure:13435: checking for strings.h
configure:13435: result: yes
configure:13441: checking for malloc.h
configure:13441: gcc -c -g -O2  conftest.c >&5
configure:13441: $? = 0
configure:13441: result: yes
configure:13449: checking for stdint types
configure:13473: gcc -c   conftest.c >&5
configure:13473: $? = 0
configure:13519: result: stdint.h (shortcircuit)
configure:13918: result: make use of stdint.h in src/common/types/lwfs_int.h (assuming C99 compatible system)
configure:13929: checking for egrep
configure:13997: result: /usr/bin/grep -E
configure:14003: checking for argp.h
configure:14003: gcc -c -g -O2  conftest.c >&5
configure:14003: $? = 0
configure:14003: result: yes
configure:14024: checking for gengetopt
configure:14048: found /usr/bin/gengetopt
configure:14060: result: /usr/bin/gengetopt
configure:14203: checking for Berkeley DB >= 4.2
configure:14246: gcc -o conftest -g -O2  -I/usr/local/BerkeleyDB.4.2/include  -L/usr/local/BerkeleyDB.4.2/lib conftest.c  -ldb >&5
configure:14246: $? = 0
configure:14249: result: header db.h, library -ldb
configure:14334: checking for openssl/hmac.h
configure:14334: gcc -c -g -O2   conftest.c >&5
configure:14334: $? = 0
configure:14334: result: yes
configure:14353: checking whether openssl works without any additional flags
configure:14401: gcc -o conftest -g -O2      conftest.c    >&5
/usr/bin/ld: /tmp/ccEcMqK8.o: in function `main':
/home/lwz/lwfs/conftest.c:35:(.text.startup+0x7): undefined reference to `HMAC'
collect2: error: ld returned 1 exit status
configure:14401: $? = 1
configure: failed program was:
| /* confdefs.h */
| #define PACKAGE_NAME ""
| #define PACKAGE_TARNAME ""
| #define PACKAGE_VERSION ""
| #define PACKAGE_STRING ""
| #define PACKAGE_BUGREPORT ""
| #define PACKAGE_URL ""
| #define PACKAGE "lwfs"
| #define VERSION "0.1"
| #define HAVE_STDIO_H 1
| #define HAVE_STDLIB_H 1
| #define HAVE_STRING_H 1
| #define HAVE_INTTYPES_H 1
| #define HAVE_STDINT_H 1
| #define HAVE_STRINGS_H 1
| #define HAVE_SYS_STAT_H 1
| #define HAVE_SYS_TYPES_H 1
| #define HAVE_UNISTD_H 1
| #define STDC_HEADERS 1
| #define HAVE_DLFCN_H 1
| #define LT_OBJDIR ".libs/"
| #define HAVE_MALLOC_H 1
| #define HAVE_ARGP_H 1
| #define HAVE_GENGETOPT 1
| #define BDB_HEADER "db.h"
| /* end confdefs.h.  */
| 
| /* Override any GCC internal prototype to avoid an error.
|    Use char because int might match the return type of a GCC
|    builtin and then its argument prototype would still apply.  */
| char HMAC ();
| int
| main (void)
| {
| return HMAC ();
|   ;
|   return 0;
| }
configure:14414: result: no
configure:14358: checking whether openssl works with -lc
configure:14401: gcc -o conftest -g -O2      conftest.c   -lc >&5
/usr/bin/ld: /tmp/ccjcucuf.o: in function `main':
/home/lwz/lwfs/conftest.c:35:(.text.startup+0x7): undefined reference to `HMAC'
collect2: error: ld returned 1 exit status
configure:14401: $? = 1
configure: failed program was:
| /* confdefs.h */
| #define PACKAGE_NAME ""
| #define PACKAGE_TARNAME ""
| #define PACKAGE_VERSION ""
| #define PACKAGE_STRING ""
| #define PACKAGE_BUGREPORT ""
| #define PACKAGE_URL ""
| #define PACKAGE "lwfs"
| #define VERSION "0.1"
| #define HAVE_STDIO_H 1
| #define HAVE_STDLIB_H 1
| #define HAVE_STRING_H 1
| #define HAVE_INTTYPES_H 1
| #define HAVE_STDINT_H 1
| #define HAVE_STRINGS_H 1
| #define HAVE_SYS_STAT_H 1
| #define HAVE_SYS_TYPES_H 1
| #define HAVE_UNISTD_H 1
| #define STDC_HEADERS 1
| #define HAVE_DLFCN_H 1
| #define LT_OBJDIR ".libs/"
| #define HAVE_MALLOC_H 1
| #define HAVE_ARGP_H 1
| #define HAVE_GENGETOPT 1
| #define BDB_HEADER "db.h"
| /* end confdefs.h.  */
| 
| /* Override any GCC internal prototype to avoid an error.
|    Use char because int might match the return type of a GCC
|    builtin and then its argument prototype would still apply.  */
| char HMAC ();
| int
| main (void)
| {
| return HMAC ();
|   ;
|   return 0;
| }
configure:14414: result: no
configure:14358: checking whether openssl works with -lcrypt
configure:14401: gcc -o conftest -g -O2      conftest.c   -lcrypt >&5
/usr/bin/ld: /tmp/ccewilka.o: in function `main':
/home/lwz/lwfs/conftest.c:35:(.text.startup+0x7): undefined reference to `HMAC'
collect2: error: ld returned 1 exit status
configure:14401: $? = 1
configure: failed program was:
| /* confdefs.h */
| #define PACKAGE_NAME ""
| #define PACKAGE_TARNAME ""
| #define PACKAGE_VERSION ""
| #define PACKAGE_STRING ""
| #define PACKAGE_BUGREPORT ""
| #define PACKAGE_URL ""
| #define PACKAGE "lwfs"
| #define VERSION "0.1"
| #define HAVE_STDIO_H 1
| #define HAVE_STDLIB_H 1
| #define HAVE_STRING_H 1
| #define HAVE_INTTYPES_H 1
| #define HAVE_STDINT_H 1
| #define HAVE_STRINGS_H 1
| #define HAVE_SYS_STAT_H 1
| #define HAVE_SYS_TYPES_H 1
| #define HAVE_UNISTD_H 1
| #define STDC_HEADERS 1
| #define HAVE_DLFCN_H 1
| #define LT_OBJDIR ".libs/"
| #define HAVE_MALLOC_H 1
| #define HAVE_ARGP_H 1
| #define HAVE_GENGETOPT 1
| #define BDB_HEADER "db.h"
| /* end confdefs.h.  */
| 
| /* Override any GCC internal prototype to avoid an error.
|    Use char because int might match the return type of a GCC
|    builtin and then its argument prototype would still apply.  */
| char HMAC ();
| int
| main (void)
| {
| return HMAC ();
|   ;
|   return 0;
| }
configure:14414: result: no
configure:14358: checking whether openssl works with -lcrypto
configure:14401: gcc -o conftest -g -O2      conftest.c   -lcrypto >&5
configure:14401: $? = 0
configure:14414: result: yes
configure:14591: checking for the pthreads library -lpthreads
configure:14631: gcc -o conftest -g -O2    conftest.c -lpthreads  >&5
/usr/bin/ld: cannot find -lpthreads: No such file or directory
collect2: error: ld returned 1 exit status
configure:14631: $? = 1
configure: failed program was:
| /* confdefs.h */
| #define PACKAGE_NAME ""
| #define PACKAGE_TARNAME ""
| #define PACKAGE_VERSION ""
| #define PACKAGE_STRING ""
| #define PACKAGE_BUGREPORT ""
| #define PACKAGE_URL ""
| #define PACKAGE "lwfs"
| #define VERSION "0.1"
| #define HAVE_STDIO_H 1
| #define HAVE_STDLIB_H 1
| #define HAVE_STRING_H 1
| #define HAVE_INTTYPES_H 1
| #define HAVE_STDINT_H 1
| #define HAVE_STRINGS_H 1
| #define HAVE_SYS_STAT_H 1
| #define HAVE_SYS_TYPES_H 1
| #define HAVE_UNISTD_H 1
| #define STDC_HEADERS 1
| #define HAVE_DLFCN_H 1
| #define LT_OBJDIR ".libs/"
| #define HAVE_MALLOC_H 1
| #define HAVE_ARGP_H 1
| #define HAVE_GENGETOPT 1
| #define BDB_HEADER "db.h"
| #define HAVE_OPENSSL 1
| /* end confdefs.h.  */
| #include <pthread.h>
| 		     void *start(void *arg){return NULL;}
| 
| int
| main (void)
| {
| pthread_attr_t attr;
| 		     pthread_t th;
| 		     pthread_join(th, 0);
| 		     pthread_attr_init(&attr);
| 		     pthread_cleanup_push(NULL, NULL);
| 		     pthread_create(&th,&attr,start,0);
| 		     pthread_cleanup_pop(0);
| 
|   ;
|   return 0;
| }
configure:14642: result: no
configure:14580: checking whether pthreads work without any flags
configure:14631: gcc -o conftest -g -O2    conftest.c   >&5
configure:14631: $? = 0
configure:14642: result: yes
configure:14662: checking for joinable pthread attribute
configure:14675: gcc -o conftest -g -O2    conftest.c   >&5
configure:14675: $? = 0
configure:14709: result: PTHREAD_CREATE_JOINABLE
configure:14716: checking if more special flags are required for pthreads
configure:14723: result: no
configure:14735: checking for cc_r
configure:14768: result: gcc
configure:14845: checking for Attributes.h
configure:14845: gcc -c -g -O2  conftest.c >&5
conftest.c:57:24: fatal error: Attributes.h: No such file or directory
compilation terminated.
configure:14845: $? = 1
configure: failed program was:
| /* confdefs.h */
| #define PACKAGE_NAME ""
| #define PACKAGE_TARNAME ""
| #define PACKAGE_VERSION ""
| #define PACKAGE_STRING ""
| #define PACKAGE_BUGREPORT ""
| #define PACKAGE_URL ""
| #define PACKAGE "lwfs"
| #define VERSION "0.1"
| #define HAVE_STDIO_H 1
| #define HAVE_STDLIB_H 1
| #define HAVE_STRING_H 1
| #define HAVE_INTTYPES_H 1
| #define HAVE_STDINT_H 1
| #define HAVE_STRINGS_H 1
| #define HAVE_SYS_STAT_H 1
| #define HAVE_SYS_TYPES_H 1
| #define HAVE_UNISTD_H 1
| #define STDC_HEADERS 1
| #define HAVE_DLFCN_H 1
| #define LT_OBJDIR ".libs/"
| #define HAVE_MALLOC_H 1
| #define HAVE_ARGP_H 1
| #define HAVE_GENGETOPT 1
| #define BDB_HEADER "db.h"
| #define HAVE_OPENSSL 1
| #define HAVE_PTHREAD 1
| /* end confdefs.h.  */
| #include <stddef.h>
| #ifdef HAVE_STDIO_H
| # include <stdio.h>
| #endif
| #ifdef HAVE_STDLIB_H
| # include <stdlib.h>
| #endif
| #ifdef HAVE_STRING_H
| # include <string.h>
| #endif
| #ifdef HAVE_INTTYPES_H
| # include <inttypes.h>
| #endif
| #ifdef HAVE_STDINT_H
| # include <stdint.h>
| #endif
| #ifdef HAVE_STRINGS_H
| # include <strings.h>
| #endif
| #ifdef HAVE_SYS_TYPES_H
| # include <sys/types.h>
| #endif
| #ifdef HAVE_SYS_STAT_H
| # include <sys/stat.h>
| #endif
| #ifdef HAVE_UNISTD_H
| # include <unistd.h>
| #endif
| #include <Attributes.h>
configure:14845: result: no
configure:14881: gcc -c -g -O2   conftest.c >&5
conftest.c:29:24: fatal error: Attributes.h: No such file or directory
compilation terminated.
configure:14881: $? = 1
configure: failed program was:
| /* confdefs.h */
| #define PACKAGE_NAME ""
| #define PACKAGE_TARNAME ""
| #define PACKAGE_VERSION ""
| #define PACKAGE_STRING ""
| #define PACKAGE_BUGREPORT ""
| #define PACKAGE_URL ""
| #define PACKAGE "lwfs"
| #define VERSION "0.1"
| #define HAVE_STDIO_H 1
| #define HAVE_STDLIB_H 1
| #define HAVE_STRING_H 1
| #define HAVE_INTTYPES_H 1
| #define HAVE_STDINT_H 1
| #define HAVE_STRINGS_H 1
| #define HAVE_SYS_STAT_H 1
| #define HAVE_SYS_TYPES_H 1
| #define HAVE_UNISTD_H 1
| #define STDC_HEADERS 1
| #define HAVE_DLFCN_H 1
| #define LT_OBJDIR ".libs/"
| #define HAVE_MALLOC_H 1
| #define HAVE_ARGP_H 1
| #define HAVE_GENGETOPT 1
| #define BDB_HEADER "db.h"
| #define HAVE_OPENSSL 1
| #define HAVE_PTHREAD 1
| /* end confdefs.h.  */
| #include <Attributes.h>
| int
| main (void)
| {
| Attributes attr;attr.clearEntries();
|   ;
|   return 0;
| }
configure:14912: WARNING: "missing Pablo ... tracing disabled"
configure:14951: checking for mkfs.ebofs
configure:14987: result: not_found
configure:15124: WARNING: "missing ebofs"
configure:15177: checking for disksim_iosim.h
configure:15177: gcc -c -g -O2   conftest.c >&5
conftest.c:57:27: fatal error: disksim_iosim.h: No such file or directory
compilation terminated.
configure:15177: $? = 1
configure: failed program was:
| /* confdefs.h */
| #define PACKAGE_NAME ""
| #define PACKAGE_TARNAME ""
| #define PACKAGE_VERSION ""
| #define PACKAGE_STRING ""
| #define PACKAGE_BUGREPORT ""
| #define PACKAGE_URL ""
| #define PACKAGE "lwfs"
| #define VERSION "0.1"
| #define HAVE_STDIO_H 1
| #define HAVE_STDLIB_H 1
| #define HAVE_STRING_H 1
| #define HAVE_INTTYPES_H 1
| #define HAVE_STDINT_H 1
| #define HAVE_STRINGS_H 1
| #define HAVE_SYS_STAT_H 1
| #define HAVE_SYS_TYPES_H 1
| #define HAVE_UNISTD_H 1
| #define STDC_HEADERS 1
| #define HAVE_DLFCN_H 1
| #define LT_OBJDIR ".libs/"
| #define HAVE_MALLOC_H 1
| #define HAVE_ARGP_H 1
| #define HAVE_GENGETOPT 1
| #define BDB_HEADER "db.h"
| #define HAVE_OPENSSL 1
| #define HAVE_PTHREAD 1
| /* end confdefs.h.  */
| #include <stddef.h>
| #ifdef HAVE_STDIO_H
| # include <stdio.h>
| #endif
| #ifdef HAVE_STDLIB_H
| # include <stdlib.h>
| #endif
| #ifdef HAVE_STRING_H
| # include <string.h>
| #endif
| #ifdef HAVE_INTTYPES_H
| # include <inttypes.h>
| #endif
| #ifdef HAVE_STDINT_H
| # include <stdint.h>
| #endif
| #ifdef HAVE_STRINGS_H
| # include <strings.h>
| #endif
| #ifdef HAVE_SYS_TYPES_H
| # include <sys/types.h>
| #endif
| #ifdef HAVE_SYS_STAT_H
| # include <sys/stat.h>
| #endif
| #ifdef HAVE_UNISTD_H
| # include <unistd.h>
| #endif
| #include <disksim_iosim.h>
configure:15177: result: no
configure:15304: WARNING: "missing disksim ... simio disabled"
configure:15375: checking for portals3.h
configure:15375: gcc -c -g -O2   conftest.c >&5
configure:15375: $? = 0
configure:15375: result: yes
configure:15415: checking for library containing PtlInit
configure:15445: gcc -o conftest -g -O2    conftest.c  >&5
/usr/bin/ld: /tmp/ccFyHy2O.o: in function `main':
/home/lwz/lwfs/conftest.c:37:(.text.startup+0x7): undefined reference to `PtlInit'
collect2: error: ld returned 1 exit status
configure:15445: $? = 1
configure: failed program was:
| /* confdefs.h */
| #define PACKAGE_NAME ""
| #define PACKAGE_TARNAME ""
| #define PACKAGE_VERSION ""
| #define PACKAGE_STRING ""
| #define PACKAGE_BUGREPORT ""
| #define PACKAGE_URL ""
| #define PACKAGE "lwfs"
| #define VERSION "0.1"
| #define HAVE_STDIO_H 1
| #define HAVE_STDLIB_H 1
| #define HAVE_STRING_H 1
| #define HAVE_INTTYPES_H 1
| #define HAVE_STDINT_H 1
| #define HAVE_STRINGS_H 1
| #define HAVE_SYS_STAT_H 1
| #define HAVE_SYS_TYPES_H 1
| #define HAVE_UNISTD_H 1
| #define STDC_HEADERS 1
| #define HAVE_DLFCN_H 1
| #define LT_OBJDIR ".libs/"
| #define HAVE_MALLOC_H 1
| #define HAVE_ARGP_H 1
| #define HAVE_GENGETOPT 1
| #define BDB_HEADER "db.h"
| #define HAVE_OPENSSL 1
| #define HAVE_PTHREAD 1
| /* end confdefs.h.  */
| 
| /* Override any GCC internal prototype to avoid an error.
|    Use char because int might match the return type of a GCC
|    builtin and then its argument prototype would still apply.  */
| char PtlInit ();
| int
| main (void)
| {
| return PtlInit ();
|   ;
|   return 0;
| }
configure:15445: gcc -o conftest -g -O2    conftest.c -lportals3  -lstdc++    >&5
configure:15445: $? = 0
configure:15465: result: -lportals3
configure:15542: checking whether portals works without any additional flags
configure:15584: gcc -o conftest -g -O2          conftest.c  -lstdc++ -lportals3  -lcrypto >&5
configure:15584: $? = 0
configure:15597: result: yes
configure:15671: checking for ptl_time_t
configure:15671: gcc -c -g -O2           conftest.c >&5
configure:15671: $? = 0
configure:15671: gcc -c -g -O2           conftest.c >&5
conftest.c: In function 'main':
conftest.c:37:25: error: expected expression before ')' token
 if (sizeof ((ptl_time_t)))
                         ^
configure:15671: $? = 1
configure: failed program was:
| /* confdefs.h */
| #define PACKAGE_NAME ""
| #define PACKAGE_TARNAME ""
| #define PACKAGE_VERSION ""
| #define PACKAGE_STRING ""
| #define PACKAGE_BUGREPORT ""
| #define PACKAGE_URL ""
| #define PACKAGE "lwfs"
| #define VERSION "0.1"
| #define HAVE_STDIO_H 1
| #define HAVE_STDLIB_H 1
| #define HAVE_STRING_H 1
| #define HAVE_INTTYPES_H 1
| #define HAVE_STDINT_H 1
| #define HAVE_STRINGS_H 1
| #define HAVE_SYS_STAT_H 1
| #define HAVE_SYS_TYPES_H 1
| #define HAVE_UNISTD_H 1
| #define STDC_HEADERS 1
| #define HAVE_DLFCN_H 1
| #define LT_OBJDIR ".libs/"
| #define HAVE_MALLOC_H 1
| #define HAVE_ARGP_H 1
| #define HAVE_GENGETOPT 1
| #define BDB_HEADER "db.h"
| #define HAVE_OPENSSL 1
| #define HAVE_PTHREAD 1
| #define PORTALS_HEADER "portals3.h"
| #define PORTALS_RT_HEADER "portals3.h"
| #define PORTALS_NAL_HEADER "portals3.h"
| /* end confdefs.h.  */
| #include "portals3.h"
| 
| int
| main (void)
| {
| if (sizeof ((ptl_time_t)))
| 	    return 0;
|   ;
|   return 0;
| }
configure:15671: result: yes
configure:15680: checking for ptl_eq_handler_t
configure:15680: gcc -c -g -O2           conftest.c >&5
configure:15680: $? = 0
configure:15680: gcc -c -g -O2           conftest.c >&5
conftest.c: In function 'main':
conftest.c:38:31: error: expected expression before ')' token
 if (sizeof ((ptl_eq_handler_t)))
                               ^
configure:15680: $? = 1
configure: failed program was:
| /* confdefs.h */
| #define PACKAGE_NAME ""
| #define PACKAGE_TARNAME ""
| #define PACKAGE_VERSION ""
| #define PACKAGE_STRING ""
| #define PACKAGE_BUGREPORT ""
| #define PACKAGE_URL ""
| #define PACKAGE "lwfs"
| #define VERSION "0.1"
| #define HAVE_STDIO_H 1
| #define HAVE_STDLIB_H 1
| #define HAVE_STRING_H 1
| #define HAVE_INTTYPES_H 1
| #define HAVE_STDINT_H 1
| #define HAVE_STRINGS_H 1
| #define HAVE_SYS_STAT_H 1
| #define HAVE_SYS_TYPES_H 1
| #define HAVE_UNISTD_H 1
| #define STDC_HEADERS 1
| #define HAVE_DLFCN_H 1
| #define LT_OBJDIR ".libs/"
| #define HAVE_MALLOC_H 1
| #define HAVE_ARGP_H 1
| #define HAVE_GENGETOPT 1
| #define BDB_HEADER "db.h"
| #define HAVE_OPENSSL 1
| #define HAVE_PTHREAD 1
| #define PORTALS_HEADER "portals3.h"
| #define PORTALS_RT_HEADER "portals3.h"
| #define PORTALS_NAL_HEADER "portals3.h"
| #define HAVE_PTL_TIME_T 1
| /* end confdefs.h.  */
| #include "portals3.h"
| 
| int
| main (void)
| {
| if (sizeof ((ptl_eq_handler_t)))
| 	    return 0;
|   ;
|   return 0;
| }
configure:15680: result: yes
configure:15691: checking for PtlErrorStr
configure:15691: gcc -o conftest -g -O2             conftest.c  -lstdc++ -lportals3  -lcrypto -lcrypto >&5
configure:15691: $? = 0
configure:15691: result: yes
configure:15697: checking for PtlNIFailStr
configure:15697: gcc -o conftest -g -O2             conftest.c  -lstdc++ -lportals3  -lcrypto -lcrypto >&5
configure:15697: $? = 0
configure:15697: result: yes
configure:15703: checking for PtlEventKindStr
configure:15703: gcc -o conftest -g -O2             conftest.c  -lstdc++ -lportals3  -lcrypto -lcrypto >&5
configure:15703: $? = 0
configure:15703: result: yes
configure:15709: checking for PtlGetJid
configure:15709: gcc -o conftest -g -O2             conftest.c  -lstdc++ -lportals3  -lcrypto -lcrypto >&5
configure:15709: $? = 0
configure:15709: result: yes
configure:15715: checking for PtlACEntry
configure:15715: gcc -o conftest -g -O2             conftest.c  -lstdc++ -lportals3  -lcrypto -lcrypto >&5
configure:15715: $? = 0
configure:15715: result: yes
configure:15816: checking for aio.h
configure:15816: gcc -c -g -O2    conftest.c >&5
configure:15816: $? = 0
configure:15816: result: yes
configure:15835: checking whether rt works without any additional flags
configure:15883: gcc -o conftest -g -O2       conftest.c  -lstdc++  -lcrypto >&5
configure:15883: $? = 0
configure:15896: result: yes
configure:15956: checking if the O_DSYNC flag is supported for aio_fsync()
configure:15984: gcc -c -g -O2   conftest.c >&5
configure:15984: $? = 0
configure:15988: result: yes
configure:16036: checking for library containing _sysio_do_mount
configure:16066: gcc -o conftest -g -O2     conftest.c  >&5
/usr/bin/ld: /tmp/ccsqyuD9.o: in function `main':
/home/lwz/lwfs/conftest.c:50:(.text.startup+0x7): undefined reference to `_sysio_do_mount'
collect2: error: ld returned 1 exit status
configure:16066: $? = 1
configure: failed program was:
| /* confdefs.h */
| #define PACKAGE_NAME ""
| #define PACKAGE_TARNAME ""
| #define PACKAGE_VERSION ""
| #define PACKAGE_STRING ""
| #define PACKAGE_BUGREPORT ""
| #define PACKAGE_URL ""
| #define PACKAGE "lwfs"
| #define VERSION "0.1"
| #define HAVE_STDIO_H 1
| #define HAVE_STDLIB_H 1
| #define HAVE_STRING_H 1
| #define HAVE_INTTYPES_H 1
| #define HAVE_STDINT_H 1
| #define HAVE_STRINGS_H 1
| #define HAVE_SYS_STAT_H 1
| #define HAVE_SYS_TYPES_H 1
| #define HAVE_UNISTD_H 1
| #define STDC_HEADERS 1
| #define HAVE_DLFCN_H 1
| #define LT_OBJDIR ".libs/"
| #define HAVE_MALLOC_H 1
| #define HAVE_ARGP_H 1
| #define HAVE_GENGETOPT 1
| #define BDB_HEADER "db.h"
| #define HAVE_OPENSSL 1
| #define HAVE_PTHREAD 1
| #define PORTALS_HEADER "portals3.h"
| #define PORTALS_RT_HEADER "portals3.h"
| #define PORTALS_NAL_HEADER "portals3.h"
| #define HAVE_PTL_TIME_T 1
| #define HAVE_PTL_EQ_HANDLER_T 1
| #define HAVE_PTLERRORSTR 1
| #define HAVE_PTLNIFAILSTR 1
| #define HAVE_PTLEVENTKINDSTR 1
| #define HAVE_PTLGETJID 1
| #define HAVE_PTLACENTRY 1
| #define HAVE_PORTALS 1
| #define HAVE_RT 1
| #define HAVE_FLAG_O_DSYNC 1
| /* end confdefs.h.  */
| 
| /* Override any GCC internal prototype to avoid an error.
|    Use char because int might match the return type of a GCC
|    builtin and then its argument prototype would still apply.  */
| char _sysio_do_mount ();
| int
| main (void)
| {
| return _sysio_do_mount ();
|   ;
|   return 0;
| }
configure:16066: gcc -o conftest -g -O2     conftest.c -lsysio  -lstdc++  >&5
/usr/bin/ld: cannot find -lsysio: No such file or directory
collect2: error: ld returned 1 exit status
configure:16066: $? = 1
configure: failed program was:
| /* confdefs.h */
| #define PACKAGE_NAME ""
| #define PACKAGE_TARNAME ""
| #define PACKAGE_VERSION ""
| #define PACKAGE_STRING ""
| #define PACKAGE_BUGREPORT ""
| #define PACKAGE_URL ""
| #define PACKAGE "lwfs"
| #define VERSION "0.1"
| #define HAVE_STDIO_H 1
| #define HAVE_STDLIB_H 1
| #define HAVE_STRING_H 1
| #define HAVE_INTTYPES_H 1
| #define HAVE_STDINT_H 1
| #define HAVE_STRINGS_H 1
| #define HAVE_SYS_STAT_H 1
| #define HAVE_SYS_TYPES_H 1
| #define HAVE_UNISTD_H 1
| #define STDC_HEADERS 1
| #define HAVE_DLFCN_H 1
| #define LT_OBJDIR ".libs/"
| #define HAVE_MALLOC_H 1
| #define HAVE_ARGP_H 1
| #define HAVE_GENGETOPT 1
| #define BDB_HEADER "db.h"
| #define HAVE_OPENSSL 1
| #define HAVE_PTHREAD 1
| #define PORTALS_HEADER "portals3.h"
| #define PORTALS_RT_HEADER "portals3.h"
| #define PORTALS_NAL_HEADER "portals3.h"
| #define HAVE_PTL_TIME_T 1
| #define HAVE_PTL_EQ_HANDLER_T 1
| #define HAVE_PTLERRORSTR 1
| #define HAVE_PTLNIFAILSTR 1
| #define HAVE_PTLEVENTKINDSTR 1
| #define HAVE_PTLGETJID 1
| #define HAVE_PTLACENTRY 1
| #define HAVE_PORTALS 1
| #define HAVE_RT 1
| #define HAVE_FLAG_O_DSYNC 1
| /* end confdefs.h.  */
| 
| /* Override any GCC internal prototype to avoid an error.
|    Use char because int might match the return type of a GCC
|    builtin and then its argument prototype would still apply.  */
| char _sysio_do_mount ();
| int
| main (void)
| {
| return _sysio_do_mount ();
|   ;
|   return 0;
| }
configure:16086: result: no
configure:16127: WARNING: "missing libsysio"
configure:16209: checking for g++
configure:16230: found /usr/bin/g++
configure:16241: result: g++
configure:16268: checking for C++ compiler version
configure:16277: g++ --version >&5
g++ (Ubuntu 5.3.1-14ubuntu2) 5.3.1 20160413
Copyright (C) 2015 Free Software Foundation, Inc.
This is free software; see the source for copying conditions.  There is NO
warranty; not even for MERCHANTABILITY or FITNESS FOR A PARTICULAR PURPOSE.

configure:16288: $? = 0
configure:16277: g++ -v >&5
Using built-in specs.
COLLECT_GCC=g++
COLLECT_LTO_WRAPPER=/usr/lib/gcc/x86_64-linux-gnu/5/lto-wrapper
Target: x86_64-linux-gnu
Configured with: ../src/configure -v --with-pkgversion='Ubuntu 5.3.1-14ubuntu2' --with-bugurl=file:///usr/share/doc/gcc-5/README.Bugs --enable-languages=c,ada,c++,java,go,d,fortran,objc,obj-c++ --prefix=/usr --program-suffix=-5 --enable-shared --enable-linker-build-id --libexecdir=/usr/lib --without-included-gettext --enable-threads=posix --libdir=/usr/lib --enable-nls --with-sysroot=/ --enable-clocale=gnu --enable-libstdcxx-debug --enable-libstdcxx-time=yes --with-default-libstdcxx-abi=new --enable-gnu-unique-object --disable-vtable-verify --enable-libmpx --enable-plugin --with-system-zlib --disable-browser-plugin --enable-java-awt=gtk --enable-gtk-cairo --with-java-home=/usr/lib/jvm/java-1.5.0-gcj-5-amd64/jre --enable-java-home --with-jvm-root-dir=/usr/lib/jvm/java-1.5.0-gcj-5-amd64 --with-jvm-jar-dir=/usr/lib/jvm-exports/java-1.5.0-gcj-5-amd64 --with-arch-directory=amd64 --with-ecj-jar=/usr/share/java/eclipse-ecj.jar --enable-objc-gc --enable-multiarch --disable-werror --with-arch-32=i686 --with-abi=m64 --with-multilib-list=m32,m64,mx32 --enable-multilib --with-tune=generic --enable-checking=release --build=x86_64-linux-gnu --host=x86_64-linux-gnu --target=x86_64-linux-gnu
Thread model: posix
gcc version 5.3.1 20160413 (Ubuntu 5.3.1-14ubuntu2) 
configure:16288: $? = 0
configure:16277: g++ -V >&5
g++: error: unrecognized command line option '-V'
g++: fatal error: no input files
compilation terminated.
configure:16288: $? = 1
configure:16277: g++ -qversion >&5
g++: error: unrecognized command line option '-qversion'
g++: fatal error: no input files
compilation terminated.
configure:16288: $? = 1
configure:16292: checking whether the compiler supports GNU C++
configure:16312: g++ -c  -D__STDC_CONSTANT_MACROS   conftest.cpp >&5
configure:16312: $? = 0
configure:16322: result: yes
configure:16333: checking whether g++ accepts -g
configure:16354: g++ -c -g   conftest.cpp >&5
configure:16354: $? = 0
configure:16398: result: yes
configure:16418: checking for g++ option to enable C++11 features
configure:16433: g++  -c  -D__STDC_CONSTANT_MACROS   conftest.cpp >&5
conftest.cpp:88:3: error: #error "Compiler does not advertise C++11 conformance"
 # error "Compiler does not advertise C++11 conformance"
   ^
conftest.cpp:93:3: error: 'constexpr' does not name a type
   constexpr int get_val() { return 20; }
   ^
conftest.cpp:93:3: note: C++11 'constexpr' only available with -std=c++11 or -std=gnu++11
conftest.cpp: In constructor 'cxx11test::delegate::delegate()':
conftest.cpp:105:30: warning: delegating constructors only available with -std=c++11 or -std=gnu++11
     delegate(): delegate(2354) {}
                              ^
conftest.cpp: At global scope:
conftest.cpp:116:24: warning: override controls (override/final) only available with -std=c++11 or -std=gnu++11
     virtual int getval() override final { return this->n * 2; }
                        ^
conftest.cpp:116:26: warning: override controls (override/final) only available with -std=c++11 or -std=gnu++11
     virtual int getval() override final { return this->n * 2; }
                          ^
conftest.cpp:123:16: warning: defaulted and deleted functions only available with -std=c++11 or -std=gnu++11
     nocopy() = default;
                ^
conftest.cpp:124:29: warning: defaulted and deleted functions only available with -std=c++11 or -std=gnu++11
     nocopy(const nocopy&) = delete;
                             ^
conftest.cpp:125:41: warning: defaulted and deleted functions only available with -std=c++11 or -std=gnu++11
     nocopy & operator=(const nocopy&) = delete;
                                         ^
conftest.cpp:137:46: error: ISO C++ forbids declaration of 'sum' with no type [-fpermissive]
   template <typename V> auto sum(V first) -> V
                                              ^
conftest.cpp:137:46: error: top-level declaration of 'sum' specifies 'auto'
conftest.cpp:137:46: error: trailing return type only available with -std=c++11 or -std=gnu++11
conftest.cpp:141:33: warning: variadic templates only available with -std=c++11 or -std=gnu++11
   template <typename V, typename... Args> auto sum(V first, Args... rest) -> V
                                 ^
conftest.cpp:141:69: warning: variadic templates only available with -std=c++11 or -std=gnu++11
   template <typename V, typename... Args> auto sum(V first, Args... rest) -> V
                                                                     ^
conftest.cpp:141:78: error: ISO C++ forbids declaration of 'sum' with no type [-fpermissive]
   template <typename V, typename... Args> auto sum(V first, Args... rest) -> V
                                                                              ^
conftest.cpp:141:78: error: top-level declaration of 'sum' specifies 'auto'
conftest.cpp:141:78: error: trailing return type only available with -std=c++11 or -std=gnu++11
conftest.cpp: In function 'int main(int, char**)':
conftest.cpp:165:8: error: 'a1' does not name a type
   auto a1 = 6538;
        ^
conftest.cpp:166:8: error: 'a2' does not name a type
   auto a2 = 48573953.4;
        ^
conftest.cpp:167:8: error: 'a3' does not name a type
   auto a3 = "String literal";
        ^
conftest.cpp:170:13: error: 'i' does not name a type
   for (auto i = a3; *i; ++i) { total += *i; }
             ^
conftest.cpp:170:21: error: expected ';' before '*' token
   for (auto i = a3; *i; ++i) { total += *i; }
                     ^
conftest.cpp:170:22: error: 'i' was not declared in this scope
   for (auto i = a3; *i; ++i) { total += *i; }
                      ^
conftest.cpp:172:12: error: 'a2' was not declared in this scope
   decltype(a2) a4 = 34895.034;
            ^
conftest.cpp:172:14: error: 'decltype' was not declared in this scope
   decltype(a2) a4 = 34895.034;
              ^
conftest.cpp:176:12: error: 'get_val' is not a member of 'cxx11test'
   short sa[cxx11test::get_val()] = { 0 };
            ^
conftest.cpp:186:14: error: ISO C++ forbids declaration of 'x' with no type [-fpermissive]
   for (auto &x : array) { x += 23; }
              ^
conftest.cpp:186:18: warning: range-based 'for' loops only available with -std=c++11 or -std=gnu++11
   for (auto &x : array) { x += 23; }
                  ^
conftest.cpp:191:41: warning: lambda expressions only available with -std=c++11 or -std=gnu++11
   assert (eval ([](int x) { return x*2; }, 21) == 42);
                                         ^
conftest.cpp:191:46: error: no matching function for call to 'eval(main(int, char**)::<lambda(int)>, int)'
   assert (eval ([](int x) { return x*2; }, 21) == 42);
                                              ^
conftest.cpp:131:44: note: candidate: template<class Ret, class Fn> Ret cxx11test::eval(Fn, Ret)
   template <typename Ret, typename Fn> Ret eval(Fn f, Ret v)
                                            ^
conftest.cpp:131:44: note:   template argument deduction/substitution failed:
conftest.cpp: In substitution of 'template<class Ret, class Fn> Ret cxx11test::eval(Fn, Ret) [with Ret = int; Fn = main(int, char**)::<lambda(int)>]':
conftest.cpp:191:46:   required from here
conftest.cpp:191:46: error: template argument for 'template<class Ret, class Fn> Ret cxx11test::eval(Fn, Ret)' uses local type 'main(int, char**)::<lambda(int)>'
   assert (eval ([](int x) { return x*2; }, 21) == 42);
                                              ^
conftest.cpp:191:46: error:   trying to instantiate 'template<class Ret, class Fn> Ret cxx11test::eval(Fn, Ret)'
conftest.cpp:193:48: warning: lambda expressions only available with -std=c++11 or -std=gnu++11
   assert (eval ([&](double x) { return d += x; }, 3.0) == 5.0);
                                                ^
conftest.cpp:193:54: error: no matching function for call to 'eval(main(int, char**)::<lambda(double)>, double)'
   assert (eval ([&](double x) { return d += x; }, 3.0) == 5.0);
                                                      ^
conftest.cpp:131:44: note: candidate: template<class Ret, class Fn> Ret cxx11test::eval(Fn, Ret)
   template <typename Ret, typename Fn> Ret eval(Fn f, Ret v)
                                            ^
conftest.cpp:131:44: note:   template argument deduction/substitution failed:
conftest.cpp: In substitution of 'template<class Ret, class Fn> Ret cxx11test::eval(Fn, Ret) [with Ret = double; Fn = main(int, char**)::<lambda(double)>]':
conftest.cpp:193:54:   required from here
conftest.cpp:193:54: error: template argument for 'template<class Ret, class Fn> Ret cxx11test::eval(Fn, Ret)' uses local type 'main(int, char**)::<lambda(double)>'
   assert (eval ([&](double x) { return d += x; }, 3.0) == 5.0);
                                                      ^
conftest.cpp:193:54: error:   trying to instantiate 'template<class Ret, class Fn> Ret cxx11test::eval(Fn, Ret)'
conftest.cpp:195:56: warning: lambda expressions only available with -std=c++11 or -std=gnu++11
   assert (eval ([=](double x) mutable { return d += x; }, 4.0) == 9.0);
                                                        ^
conftest.cpp:195:62: error: no matching function for call to 'eval(main(int, char**)::<lambda(double)>, double)'
   assert (eval ([=](double x) mutable { return d += x; }, 4.0) == 9.0);
                                                              ^
conftest.cpp:131:44: note: candidate: template<class Ret, class Fn> Ret cxx11test::eval(Fn, Ret)
   template <typename Ret, typename Fn> Ret eval(Fn f, Ret v)
                                            ^
conftest.cpp:131:44: note:   template argument deduction/substitution failed:
conftest.cpp: In substitution of 'template<class Ret, class Fn> Ret cxx11test::eval(Fn, Ret) [with Ret = double; Fn = main(int, char**)::<lambda(double)>]':
conftest.cpp:195:62:   required from here
conftest.cpp:195:62: error: template argument for 'template<class Ret, class Fn> Ret cxx11test::eval(Fn, Ret)' uses local type 'main(int, char**)::<lambda(double)>'
   assert (eval ([=](double x) mutable { return d += x; }, 4.0) == 9.0);
                                                              ^
conftest.cpp:195:62: error:   trying to instantiate 'template<class Ret, class Fn> Ret cxx11test::eval(Fn, Ret)'
conftest.cpp:200:20: error: 'cxx11test::sum' has not been declared
   using cxx11test::sum;
                    ^
conftest.cpp:201:8: error: 'a' does not name a type
   auto a = sum(1);
        ^
conftest.cpp:202:8: error: 'b' does not name a type
   auto b = sum(1, 2);
        ^
conftest.cpp:203:8: error: 'c' does not name a type
   auto c = sum(1.0, 2.0, 3.0);
        ^
conftest.cpp:217:13: error: 'nullptr' was not declared in this scope
   char *c = nullptr;
             ^
conftest.cpp:221:36: error: '>>' should be '> >' within a nested template argument list
   test_template<::test_template<int>> v(test_template<int>(12));
                                    ^
conftest.cpp:221:16: error: '<::' cannot begin a template-argument list [-fpermissive]
   test_template<::test_template<int>> v(test_template<int>(12));
                ^
conftest.cpp:221:16: note: '<:' is an alternate spelling for '['. Insert whitespace between '<' and '::'
conftest.cpp:221:16: note: (if you use '-fpermissive' or '-std=c++11', or '-std=gnu++11' G++ will accept your code)
conftest.cpp:225:22: error: 'u8' was not declared in this scope
   char const *utf8 = u8"UTF-8 string \u2500";
                      ^
conftest.cpp:226:3: error: 'char16_t' was not declared in this scope
   char16_t const *utf16 = u"UTF-8 string \u2500";
   ^
conftest.cpp:227:3: error: 'char32_t' was not declared in this scope
   char32_t const *utf32 = U"UTF-32 string \u2500";
   ^
configure:16433: $? = 1
configure: failed program was:
| /* confdefs.h */
| #define PACKAGE_NAME ""
| #define PACKAGE_TARNAME ""
| #define PACKAGE_VERSION ""
| #define PACKAGE_STRING ""
| #define PACKAGE_BUGREPORT ""
| #define PACKAGE_URL ""
| #define PACKAGE "lwfs"
| #define VERSION "0.1"
| #define HAVE_STDIO_H 1
| #define HAVE_STDLIB_H 1
| #define HAVE_STRING_H 1
| #define HAVE_INTTYPES_H 1
| #define HAVE_STDINT_H 1
| #define HAVE_STRINGS_H 1
| #define HAVE_SYS_STAT_H 1
| #define HAVE_SYS_TYPES_H 1
| #define HAVE_UNISTD_H 1
| #define STDC_HEADERS 1
| #define HAVE_DLFCN_H 1
| #define LT_OBJDIR ".libs/"
| #define HAVE_MALLOC_H 1
| #define HAVE_ARGP_H 1
| #define HAVE_GENGETOPT 1
| #define BDB_HEADER "db.h"
| #define HAVE_OPENSSL 1
| #define HAVE_PTHREAD 1
| #define PORTALS_HEADER "portals3.h"
| #define PORTALS_RT_HEADER "portals3.h"
| #define PORTALS_NAL_HEADER "portals3.h"
| #define HAVE_PTL_TIME_T 1
| #define HAVE_PTL_EQ_HANDLER_T 1
| #define HAVE_PTLERRORSTR 1
| #define HAVE_PTLNIFAILSTR 1
| #define HAVE_PTLEVENTKINDSTR 1
| #define HAVE_PTLGETJID 1
| #define HAVE_PTLACENTRY 1
| #define HAVE_PORTALS 1
| #define HAVE_RT 1
| #define HAVE_FLAG_O_DSYNC 1
| /* end confdefs.h.  */
| 
| // Does the compiler advertise C++98 conformance?
| #if !defined __cplusplus || __cplusplus < 199711L
| # error "Compiler does not advertise C++98 conformance"
| #endif
| 
| // These inclusions are to reject old compilers that
| // lack the unsuffixed header files.
| #include <cstdlib>
| #include <exception>
| 
| // <cassert> and <cstring> are *not* freestanding headers in C++98.
| extern void assert (int);
| namespace std {
|   extern int strcmp (const char *, const char *);
| }
| 
| // Namespaces, exceptions, and templates were all added after "C++ 2.0".
| using std::exception;
| using std::strcmp;
| 
| namespace {
| 
| void test_exception_syntax()
| {
|   try {
|     throw "test";
|   } catch (const char *s) {
|     // Extra parentheses suppress a warning when building autoconf itself,
|     // due to lint rules shared with more typical C programs.
|     assert (!(strcmp) (s, "test"));
|   }
| }
| 
| template <typename T> struct test_template
| {
|   T const val;
|   explicit test_template(T t) : val(t) {}
|   template <typename U> T add(U u) { return static_cast<T>(u) + val; }
| };
| 
| } // anonymous namespace
| 
| 
| // Does the compiler advertise C++ 2011 conformance?
| #if !defined __cplusplus || __cplusplus < 201103L
| # error "Compiler does not advertise C++11 conformance"
| #endif
| 
| namespace cxx11test
| {
|   constexpr int get_val() { return 20; }
| 
|   struct testinit
|   {
|     int i;
|     double d;
|   };
| 
|   class delegate
|   {
|   public:
|     delegate(int n) : n(n) {}
|     delegate(): delegate(2354) {}
| 
|     virtual int getval() { return this->n; };
|   protected:
|     int n;
|   };
| 
|   class overridden : public delegate
|   {
|   public:
|     overridden(int n): delegate(n) {}
|     virtual int getval() override final { return this->n * 2; }
|   };
| 
|   class nocopy
|   {
|   public:
|     nocopy(int i): i(i) {}
|     nocopy() = default;
|     nocopy(const nocopy&) = delete;
|     nocopy & operator=(const nocopy&) = delete;
|   private:
|     int i;
|   };
| 
|   // for testing lambda expressions
|   template <typename Ret, typename Fn> Ret eval(Fn f, Ret v)
|   {
|     return f(v);
|   }
| 
|   // for testing variadic templates and trailing return types
|   template <typename V> auto sum(V first) -> V
|   {
|     return first;
|   }
|   template <typename V, typename... Args> auto sum(V first, Args... rest) -> V
|   {
|     return first + sum(rest...);
|   }
| }
| 
| 
| int
| main (int argc, char **argv)
| {
|   int ok = 0;
|   
|   assert (argc);
|   assert (! argv[0]);
| {
|   test_exception_syntax ();
|   test_template<double> tt (2.0);
|   assert (tt.add (4) == 6.0);
|   assert (true && !false);
| }
| 
|   
| {
|   // Test auto and decltype
|   auto a1 = 6538;
|   auto a2 = 48573953.4;
|   auto a3 = "String literal";
| 
|   int total = 0;
|   for (auto i = a3; *i; ++i) { total += *i; }
| 
|   decltype(a2) a4 = 34895.034;
| }
| {
|   // Test constexpr
|   short sa[cxx11test::get_val()] = { 0 };
| }
| {
|   // Test initializer lists
|   cxx11test::testinit il = { 4323, 435234.23544 };
| }
| {
|   // Test range-based for
|   int array[] = {9, 7, 13, 15, 4, 18, 12, 10, 5, 3,
|                  14, 19, 17, 8, 6, 20, 16, 2, 11, 1};
|   for (auto &x : array) { x += 23; }
| }
| {
|   // Test lambda expressions
|   using cxx11test::eval;
|   assert (eval ([](int x) { return x*2; }, 21) == 42);
|   double d = 2.0;
|   assert (eval ([&](double x) { return d += x; }, 3.0) == 5.0);
|   assert (d == 5.0);
|   assert (eval ([=](double x) mutable { return d += x; }, 4.0) == 9.0);
|   assert (d == 5.0);
| }
| {
|   // Test use of variadic templates
|   using cxx11test::sum;
|   auto a = sum(1);
|   auto b = sum(1, 2);
|   auto c = sum(1.0, 2.0, 3.0);
| }
| {
|   // Test constructor delegation
|   cxx11test::delegate d1;
|   cxx11test::delegate d2();
|   cxx11test::delegate d3(45);
| }
| {
|   // Test override and final
|   cxx11test::overridden o1(55464);
| }
| {
|   // Test nullptr
|   char *c = nullptr;
| }
| {
|   // Test template brackets
|   test_template<::test_template<int>> v(test_template<int>(12));
| }
| {
|   // Unicode literals
|   char const *utf8 = u8"UTF-8 string \u2500";
|   char16_t const *utf16 = u"UTF-8 string \u2500";
|   char32_t const *utf32 = U"UTF-32 string \u2500";
| }
| 
|   return ok;
| }
| 
configure:16433: g++ -std=gnu++11 -c  -D__STDC_CONSTANT_MACROS   conftest.cpp >&5
configure:16433: $? = 0
configure:16454: result: -std=gnu++11
configure:16517: checking dependency style of g++ -std=gnu++11
configure:16629: result: gcc3
configure:16656: checking for gethostname in -lnsl
configure:16679: g++ -std=gnu++11 -o conftest  -D__STDC_CONSTANT_MACROS    conftest.cpp -lnsl   -lstdc++ >&5
/usr/bin/ld: /tmp/ccGu0EqM.o: in function `main':
conftest.cpp:(.text+0x5): undefined reference to `gethostname()'
collect2: error: ld returned 1 exit status
configure:16679: $? = 1
configure: failed program was:
| /* confdefs.h */
| #define PACKAGE_NAME ""
| #define PACKAGE_TARNAME ""
| #define PACKAGE_VERSION ""
| #define PACKAGE_STRING ""
| #define PACKAGE_BUGREPORT ""
| #define PACKAGE_URL ""
| #define PACKAGE "lwfs"
| #define VERSION "0.1"
| #define HAVE_STDIO_H 1
| #define HAVE_STDLIB_H 1
| #define HAVE_STRING_H 1
| #define HAVE_INTTYPES_H 1
| #define HAVE_STDINT_H 1
| #define HAVE_STRINGS_H 1
| #define HAVE_SYS_STAT_H 1
| #define HAVE_SYS_TYPES_H 1
| #define HAVE_UNISTD_H 1
| #define STDC_HEADERS 1
| #define HAVE_DLFCN_H 1
| #define LT_OBJDIR ".libs/"
| #define HAVE_MALLOC_H 1
| #define HAVE_ARGP_H 1
| #define HAVE_GENGETOPT 1
| #define BDB_HEADER "db.h"
| #define HAVE_OPENSSL 1
| #define HAVE_PTHREAD 1
| #define PORTALS_HEADER "portals3.h"
| #define PORTALS_RT_HEADER "portals3.h"
| #define PORTALS_NAL_HEADER "portals3.h"
| #define HAVE_PTL_TIME_T 1
| #define HAVE_PTL_EQ_HANDLER_T 1
| #define HAVE_PTLERRORSTR 1
| #define HAVE_PTLNIFAILSTR 1
| #define HAVE_PTLEVENTKINDSTR 1
| #define HAVE_PTLGETJID 1
| #define HAVE_PTLACENTRY 1
| #define HAVE_PORTALS 1
| #define HAVE_RT 1
| #define HAVE_FLAG_O_DSYNC 1
| /* end confdefs.h.  */
| 
| /* Override any GCC internal prototype to avoid an error.
|    Use char because int might match the return type of a GCC
|    builtin and then its argument prototype would still apply.  */
| char gethostname ();
| int
| main (void)
| {
| return gethostname ();
|   ;
|   return 0;
| }
configure:16689: result: no
configure:16700: checking for gethostbyname in -lnsl
configure:16723: g++ -std=gnu++11 -o conftest  -D__STDC_CONSTANT_MACROS    conftest.cpp -lnsl   -lstdc++ >&5
/usr/bin/ld: /tmp/ccDDbLPv.o: in function `main':
conftest.cpp:(.text+0x5): undefined reference to `gethostbyname()'
collect2: error: ld returned 1 exit status
configure:16723: $? = 1
configure: failed program was:
| /* confdefs.h */
| #define PACKAGE_NAME ""
| #define PACKAGE_TARNAME ""
| #define PACKAGE_VERSION ""
| #define PACKAGE_STRING ""
| #define PACKAGE_BUGREPORT ""
| #define PACKAGE_URL ""
| #define PACKAGE "lwfs"
| #define VERSION "0.1"
| #define HAVE_STDIO_H 1
| #define HAVE_STDLIB_H 1
| #define HAVE_STRING_H 1
| #define HAVE_INTTYPES_H 1
| #define HAVE_STDINT_H 1
| #define HAVE_STRINGS_H 1
| #define HAVE_SYS_STAT_H 1
| #define HAVE_SYS_TYPES_H 1
| #define HAVE_UNISTD_H 1
| #define STDC_HEADERS 1
| #define HAVE_DLFCN_H 1
| #define LT_OBJDIR ".libs/"
| #define HAVE_MALLOC_H 1
| #define HAVE_ARGP_H 1
| #define HAVE_GENGETOPT 1
| #define BDB_HEADER "db.h"
| #define HAVE_OPENSSL 1
| #define HAVE_PTHREAD 1
| #define PORTALS_HEADER "portals3.h"
| #define PORTALS_RT_HEADER "portals3.h"
| #define PORTALS_NAL_HEADER "portals3.h"
| #define HAVE_PTL_TIME_T 1
| #define HAVE_PTL_EQ_HANDLER_T 1
| #define HAVE_PTLERRORSTR 1
| #define HAVE_PTLNIFAILSTR 1
| #define HAVE_PTLEVENTKINDSTR 1
| #define HAVE_PTLGETJID 1
| #define HAVE_PTLACENTRY 1
| #define HAVE_PORTALS 1
| #define HAVE_RT 1
| #define HAVE_FLAG_O_DSYNC 1
| /* end confdefs.h.  */
| 
| /* Override any GCC internal prototype to avoid an error.
|    Use char because int might match the return type of a GCC
|    builtin and then its argument prototype would still apply.  */
| char gethostbyname ();
| int
| main (void)
| {
| return gethostbyname ();
|   ;
|   return 0;
| }
configure:16733: result: no
configure:16744: checking for accept in -lsocket
configure:16767: g++ -std=gnu++11 -o conftest  -D__STDC_CONSTANT_MACROS    conftest.cpp -lsocket   -lstdc++ >&5
/usr/bin/ld: cannot find -lsocket: No such file or directory
collect2: error: ld returned 1 exit status
configure:16767: $? = 1
configure: failed program was:
| /* confdefs.h */
| #define PACKAGE_NAME ""
| #define PACKAGE_TARNAME ""
| #define PACKAGE_VERSION ""
| #define PACKAGE_STRING ""
| #define PACKAGE_BUGREPORT ""
| #define PACKAGE_URL ""
| #define PACKAGE "lwfs"
| #define VERSION "0.1"
| #define HAVE_STDIO_H 1
| #define HAVE_STDLIB_H 1
| #define HAVE_STRING_H 1
| #define HAVE_INTTYPES_H 1
| #define HAVE_STDINT_H 1
| #define HAVE_STRINGS_H 1
| #define HAVE_SYS_STAT_H 1
| #define HAVE_SYS_TYPES_H 1
| #define HAVE_UNISTD_H 1
| #define STDC_HEADERS 1
| #define HAVE_DLFCN_H 1
| #define LT_OBJDIR ".libs/"
| #define HAVE_MALLOC_H 1
| #define HAVE_ARGP_H 1
| #define HAVE_GENGETOPT 1
| #define BDB_HEADER "db.h"
| #define HAVE_OPENSSL 1
| #define HAVE_PTHREAD 1
| #define PORTALS_HEADER "portals3.h"
| #define PORTALS_RT_HEADER "portals3.h"
| #define PORTALS_NAL_HEADER "portals3.h"
| #define HAVE_PTL_TIME_T 1
| #define HAVE_PTL_EQ_HANDLER_T 1
| #define HAVE_PTLERRORSTR 1
| #define HAVE_PTLNIFAILSTR 1
| #define HAVE_PTLEVENTKINDSTR 1
| #define HAVE_PTLGETJID 1
| #define HAVE_PTLACENTRY 1
| #define HAVE_PORTALS 1
| #define HAVE_RT 1
| #define HAVE_FLAG_O_DSYNC 1
| /* end confdefs.h.  */
| 
| /* Override any GCC internal prototype to avoid an error.
|    Use char because int might match the return type of a GCC
|    builtin and then its argument prototype would still apply.  */
| char accept ();
| int
| main (void)
| {
| return accept ();
|   ;
|   return 0;
| }
configure:16777: result: no
configure:16789: checking for va_copy() function
configure:16800: result: yes
configure:16808: checking for sys/types.h
configure:16808: result: yes
configure:16814: checking for sys/param.h
configure:16814: g++ -std=gnu++11 -c  -D__STDC_CONSTANT_MACROS   conftest.cpp >&5
configure:16814: $? = 0
configure:16814: result: yes
configure:16820: checking for sys/time.h
configure:16820: g++ -std=gnu++11 -c  -D__STDC_CONSTANT_MACROS   conftest.cpp >&5
configure:16820: $? = 0
configure:16820: result: yes
configure:16826: checking for sys/socket.h
configure:16826: g++ -std=gnu++11 -c  -D__STDC_CONSTANT_MACROS   conftest.cpp >&5
configure:16826: $? = 0
configure:16826: result: yes
configure:16832: checking for sys/sockio.h
configure:16832: g++ -std=gnu++11 -c  -D__STDC_CONSTANT_MACROS   conftest.cpp >&5
conftest.cpp:74:24: fatal error: sys/sockio.h: No such file or directory
compilation terminated.
configure:16832: $? = 1
configure: failed program was:
| /* confdefs.h */
| #define PACKAGE_NAME ""
| #define PACKAGE_TARNAME ""
| #define PACKAGE_VERSION ""
| #define PACKAGE_STRING ""
| #define PACKAGE_BUGREPORT ""
| #define PACKAGE_URL ""
| #define PACKAGE "lwfs"
| #define VERSION "0.1"
| #define HAVE_STDIO_H 1
| #define HAVE_STDLIB_H 1
| #define HAVE_STRING_H 1
| #define HAVE_INTTYPES_H 1
| #define HAVE_STDINT_H 1
| #define HAVE_STRINGS_H 1
| #define HAVE_SYS_STAT_H 1
| #define HAVE_SYS_TYPES_H 1
| #define HAVE_UNISTD_H 1
| #define STDC_HEADERS 1
| #define HAVE_DLFCN_H 1
| #define LT_OBJDIR ".libs/"
| #define HAVE_MALLOC_H 1
| #define HAVE_ARGP_H 1
| #define HAVE_GENGETOPT 1
| #define BDB_HEADER "db.h"
| #define HAVE_OPENSSL 1
| #define HAVE_PTHREAD 1
| #define PORTALS_HEADER "portals3.h"
| #define PORTALS_RT_HEADER "portals3.h"
| #define PORTALS_NAL_HEADER "portals3.h"
| #define HAVE_PTL_TIME_T 1
| #define HAVE_PTL_EQ_HANDLER_T 1
| #define HAVE_PTLERRORSTR 1
| #define HAVE_PTLNIFAILSTR 1
| #define HAVE_PTLEVENTKINDSTR 1
| #define HAVE_PTLGETJID 1
| #define HAVE_PTLACENTRY 1
| #define HAVE_PORTALS 1
| #define HAVE_RT 1
| #define HAVE_FLAG_O_DSYNC 1
| #define HAVE_SYS_TYPES_H 1
| #define HAVE_SYS_PARAM_H 1
| #define HAVE_SYS_TIME_H 1
| #define HAVE_SYS_SOCKET_H 1
| /* end confdefs.h.  */
| #include <stddef.h>
| #ifdef HAVE_STDIO_H
| # include <stdio.h>
| #endif
| #ifdef HAVE_STDLIB_H
| # include <stdlib.h>
| #endif
| #ifdef HAVE_STRING_H
| # include <string.h>
| #endif
| #ifdef HAVE_INTTYPES_H
| # include <inttypes.h>
| #endif
| #ifdef HAVE_STDINT_H
| # include <stdint.h>
| #endif
| #ifdef HAVE_STRINGS_H
| # include <strings.h>
| #endif
| #ifdef HAVE_SYS_TYPES_H
| # include <sys/types.h>
| #endif
| #ifdef HAVE_SYS_STAT_H
| # include <sys/stat.h>
| #endif
| #ifdef HAVE_UNISTD_H
| # include <unistd.h>
| #endif
| #include <sys/sockio.h>
configure:16832: result: no
configure:16838: checking for sys/ioctl.h
configure:16838: g++ -std=gnu++11 -c  -D__STDC_CONSTANT_MACROS   conftest.cpp >&5
configure:16838: $? = 0
configure:16838: result: yes
configure:16845: checking for netdb.h
configure:16845: g++ -std=gnu++11 -c  -D__STDC_CONSTANT_MACROS   conftest.cpp >&5
configure:16845: $? = 0
configure:16845: result: yes
configure:16862: checking for ifaddrs.h
configure:16862: g++ -std=gnu++11 -c  -D__STDC_CONSTANT_MACROS   conftest.cpp >&5
configure:16862: $? = 0
configure:16862: result: yes
configure:16879: checking for net/if.h
configure:16879: g++ -std=gnu++11 -c  -D__STDC_CONSTANT_MACROS   conftest.cpp >&5
configure:16879: $? = 0
configure:16879: result: yes
configure:16896: checking for net/if_dl.h
configure:16896: g++ -std=gnu++11 -c  -D__STDC_CONSTANT_MACROS   conftest.cpp >&5
conftest.cpp:62:23: fatal error: net/if_dl.h: No such file or directory
compilation terminated.
configure:16896: $? = 1
configure: failed program was:
| /* confdefs.h */
| #define PACKAGE_NAME ""
| #define PACKAGE_TARNAME ""
| #define PACKAGE_VERSION ""
| #define PACKAGE_STRING ""
| #define PACKAGE_BUGREPORT ""
| #define PACKAGE_URL ""
| #define PACKAGE "lwfs"
| #define VERSION "0.1"
| #define HAVE_STDIO_H 1
| #define HAVE_STDLIB_H 1
| #define HAVE_STRING_H 1
| #define HAVE_INTTYPES_H 1
| #define HAVE_STDINT_H 1
| #define HAVE_STRINGS_H 1
| #define HAVE_SYS_STAT_H 1
| #define HAVE_SYS_TYPES_H 1
| #define HAVE_UNISTD_H 1
| #define STDC_HEADERS 1
| #define HAVE_DLFCN_H 1
| #define LT_OBJDIR ".libs/"
| #define HAVE_MALLOC_H 1
| #define HAVE_ARGP_H 1
| #define HAVE_GENGETOPT 1
| #define BDB_HEADER "db.h"
| #define HAVE_OPENSSL 1
| #define HAVE_PTHREAD 1
| #define PORTALS_HEADER "portals3.h"
| #define PORTALS_RT_HEADER "portals3.h"
| #define PORTALS_NAL_HEADER "portals3.h"
| #define HAVE_PTL_TIME_T 1
| #define HAVE_PTL_EQ_HANDLER_T 1
| #define HAVE_PTLERRORSTR 1
| #define HAVE_PTLNIFAILSTR 1
| #define HAVE_PTLEVENTKINDSTR 1
| #define HAVE_PTLGETJID 1
| #define HAVE_PTLACENTRY 1
| #define HAVE_PORTALS 1
| #define HAVE_RT 1
| #define HAVE_FLAG_O_DSYNC 1
| #define HAVE_SYS_TYPES_H 1
| #define HAVE_SYS_PARAM_H 1
| #define HAVE_SYS_TIME_H 1
| #define HAVE_SYS_SOCKET_H 1
| #define HAVE_SYS_IOCTL_H 1
| #define HAVE_NETDB_H 1
| #define HAVE_IFADDRS_H 1
| #define HAVE_NET_IF_H 1
| /* end confdefs.h.  */
| 
| #if HAVE_SYS_TYPES_H
| #include <sys/types.h>
| #endif
| #if HAVE_SYS_SOCKET_H
| #include <sys/socket.h>
| #endif
| #if HAVE_SYS_IOCTL_H
| #include <sys/ioctl.h>
| #endif
| 
| 
| #include <net/if_dl.h>
configure:16896: result: no
configure:16913: checking for net/if_arp.h
configure:16913: g++ -std=gnu++11 -c  -D__STDC_CONSTANT_MACROS   conftest.cpp >&5
configure:16913: $? = 0
configure:16913: result: yes
configure:16930: checking for netinet/in.h
configure:16930: g++ -std=gnu++11 -c  -D__STDC_CONSTANT_MACROS   conftest.cpp >&5
configure:16930: $? = 0
configure:16930: result: yes
configure:16947: checking for arpa/inet.h
configure:16947: g++ -std=gnu++11 -c  -D__STDC_CONSTANT_MACROS   conftest.cpp >&5
configure:16947: $? = 0
configure:16947: result: yes
configure:16966: checking for getifaddrs
configure:16966: g++ -std=gnu++11 -o conftest  -D__STDC_CONSTANT_MACROS    conftest.cpp  -lstdc++ >&5
configure:16966: $? = 0
configure:16966: result: yes
configure:16972: checking for nanosleep
configure:16972: g++ -std=gnu++11 -o conftest  -D__STDC_CONSTANT_MACROS    conftest.cpp  -lstdc++ >&5
configure:16972: $? = 0
configure:16972: result: yes
configure:16980: checking for long long
configure:16980: g++ -std=gnu++11 -c  -D__STDC_CONSTANT_MACROS   conftest.cpp >&5
configure:16980: $? = 0
configure:16980: g++ -std=gnu++11 -c  -D__STDC_CONSTANT_MACROS   conftest.cpp >&5
conftest.cpp: In function 'int main()':
conftest.cpp:86:14: error: expected primary-expression before 'long'
 if (sizeof ((long long)))
              ^
conftest.cpp:86:14: error: expected ')' before 'long'
conftest.cpp:87:14: error: expected ')' before ';' token
      return 0;
              ^
conftest.cpp:87:14: error: expected ')' before ';' token
configure:16980: $? = 1
configure: failed program was:
| /* confdefs.h */
| #define PACKAGE_NAME ""
| #define PACKAGE_TARNAME ""
| #define PACKAGE_VERSION ""
| #define PACKAGE_STRING ""
| #define PACKAGE_BUGREPORT ""
| #define PACKAGE_URL ""
| #define PACKAGE "lwfs"
| #define VERSION "0.1"
| #define HAVE_STDIO_H 1
| #define HAVE_STDLIB_H 1
| #define HAVE_STRING_H 1
| #define HAVE_INTTYPES_H 1
| #define HAVE_STDINT_H 1
| #define HAVE_STRINGS_H 1
| #define HAVE_SYS_STAT_H 1
| #define HAVE_SYS_TYPES_H 1
| #define HAVE_UNISTD_H 1
| #define STDC_HEADERS 1
| #define HAVE_DLFCN_H 1
| #define LT_OBJDIR ".libs/"
| #define HAVE_MALLOC_H 1
| #define HAVE_ARGP_H 1
| #define HAVE_GENGETOPT 1
| #define BDB_HEADER "db.h"
| #define HAVE_OPENSSL 1
| #define HAVE_PTHREAD 1
| #define PORTALS_HEADER "portals3.h"
| #define PORTALS_RT_HEADER "portals3.h"
| #define PORTALS_NAL_HEADER "portals3.h"
| #define HAVE_PTL_TIME_T 1
| #define HAVE_PTL_EQ_HANDLER_T 1
| #define HAVE_PTLERRORSTR 1
| #define HAVE_PTLNIFAILSTR 1
| #define HAVE_PTLEVENTKINDSTR 1
| #define HAVE_PTLGETJID 1
| #define HAVE_PTLACENTRY 1
| #define HAVE_PORTALS 1
| #define HAVE_RT 1
| #define HAVE_FLAG_O_DSYNC 1
| #define HAVE_SYS_TYPES_H 1
| #define HAVE_SYS_PARAM_H 1
| #define HAVE_SYS_TIME_H 1
| #define HAVE_SYS_SOCKET_H 1
| #define HAVE_SYS_IOCTL_H 1
| #define HAVE_NETDB_H 1
| #define HAVE_IFADDRS_H 1
| #define HAVE_NET_IF_H 1
| #define HAVE_NET_IF_ARP_H 1
| #define HAVE_NETINET_IN_H 1
| #define HAVE_ARPA_INET_H 1
| #define HAVE_GETIFADDRS 1
| #define HAVE_NANOSLEEP 1
| /* end confdefs.h.  */
| #include <stddef.h>
| #ifdef HAVE_STDIO_H
| # include <stdio.h>
| #endif
| #ifdef HAVE_STDLIB_H
| # include <stdlib.h>
| #endif
| #ifdef HAVE_STRING_H
| # include <string.h>
| #endif
| #ifdef HAVE_INTTYPES_H
| # include <inttypes.h>
| #endif
| #ifdef HAVE_STDINT_H
| # include <stdint.h>
| #endif
| #ifdef HAVE_STRINGS_H
| # include <strings.h>
| #endif
| #ifdef HAVE_SYS_TYPES_H
| # include <sys/types.h>
| #endif
| #ifdef HAVE_SYS_STAT_H
| # include <sys/stat.h>
| #endif
| #ifdef HAVE_UNISTD_H
| # include <unistd.h>
| #endif
| int
| main (void)
| {
| if (sizeof ((long long)))
| 	    return 0;
|   ;
|   return 0;
| }
configure:16980: result: yes
configure:16988: checking for long double
configure:16988: g++ -std=gnu++11 -c  -D__STDC_CONSTANT_MACROS   conftest.cpp >&5
configure:16988: $? = 0
configure:16988: g++ -std=gnu++11 -c  -D__STDC_CONSTANT_MACROS   conftest.cpp >&5
conftest.cpp: In function 'int main()':
conftest.cpp:87:14: error: expected primary-expression before 'long'
 if (sizeof ((long double)))
              ^
conftest.cpp:87:14: error: expected ')' before 'long'
conftest.cpp:88:14: error: expected ')' before ';' token
      return 0;
              ^
conftest.cpp:88:14: error: expected ')' before ';' token
configure:16988: $? = 1
configure: failed program was:
| /* confdefs.h */
| #define PACKAGE_NAME ""
| #define PACKAGE_TARNAME ""
| #define PACKAGE_VERSION ""
| #define PACKAGE_STRING ""
| #define PACKAGE_BUGREPORT ""
| #define PACKAGE_URL ""
| #define PACKAGE "lwfs"
| #define VERSION "0.1"
| #define HAVE_STDIO_H 1
| #define HAVE_STDLIB_H 1
| #define HAVE_STRING_H 1
| #define HAVE_INTTYPES_H 1
| #define HAVE_STDINT_H 1
| #define HAVE_STRINGS_H 1
| #define HAVE_SYS_STAT_H 1
| #define HAVE_SYS_TYPES_H 1
| #define HAVE_UNISTD_H 1
| #define STDC_HEADERS 1
| #define HAVE_DLFCN_H 1
| #define LT_OBJDIR ".libs/"
| #define HAVE_MALLOC_H 1
| #define HAVE_ARGP_H 1
| #define HAVE_GENGETOPT 1
| #define BDB_HEADER "db.h"
| #define HAVE_OPENSSL 1
| #define HAVE_PTHREAD 1
| #define PORTALS_HEADER "portals3.h"
| #define PORTALS_RT_HEADER "portals3.h"
| #define PORTALS_NAL_HEADER "portals3.h"
| #define HAVE_PTL_TIME_T 1
| #define HAVE_PTL_EQ_HANDLER_T 1
| #define HAVE_PTLERRORSTR 1
| #define HAVE_PTLNIFAILSTR 1
| #define HAVE_PTLEVENTKINDSTR 1
| #define HAVE_PTLGETJID 1
| #define HAVE_PTLACENTRY 1
| #define HAVE_PORTALS 1
| #define HAVE_RT 1
| #define HAVE_FLAG_O_DSYNC 1
| #define HAVE_SYS_TYPES_H 1
| #define HAVE_SYS_PARAM_H 1
| #define HAVE_SYS_TIME_H 1
| #define HAVE_SYS_SOCKET_H 1
| #define HAVE_SYS_IOCTL_H 1
| #define HAVE_NETDB_H 1
| #define HAVE_IFADDRS_H 1
| #define HAVE_NET_IF_H 1
| #define HAVE_NET_IF_ARP_H 1
| #define HAVE_NETINET_IN_H 1
| #define HAVE_ARPA_INET_H 1
| #define HAVE_GETIFADDRS 1
| #define HAVE_NANOSLEEP 1
| #define HAVE_LONG_LONG 1
| /* end confdefs.h.  */
| #include <stddef.h>
| #ifdef HAVE_STDIO_H
| # include <stdio.h>
| #endif
| #ifdef HAVE_STDLIB_H
| # include <stdlib.h>
| #endif
| #ifdef HAVE_STRING_H
| # include <string.h>
| #endif
| #ifdef HAVE_INTTYPES_H
| # include <inttypes.h>
| #endif
| #ifdef HAVE_STDINT_H
| # include <stdint.h>
| #endif
| #ifdef HAVE_STRINGS_H
| # include <strings.h>
| #endif
| #ifdef HAVE_SYS_TYPES_H
| # include <sys/types.h>
| #endif
| #ifdef HAVE_SYS_STAT_H
| # include <sys/stat.h>
| #endif
| #ifdef HAVE_UNISTD_H
| # include <unistd.h>
| #endif
| int
| main (void)
| {
| if (sizeof ((long double)))
| 	    return 0;
|   ;
|   return 0;
| }
configure:16988: result: yes
configure:17001: checking size of char
configure:17007: g++ -std=gnu++11 -o conftest  -D__STDC_CONSTANT_MACROS    conftest.cpp  -lstdc++ >&5
configure:17007: $? = 0
configure:17007: ./conftest
configure:17007: $? = 0
configure:17022: result: 1
configure:17034: checking size of unsigned char
configure:17040: g++ -std=gnu++11 -o conftest  -D__STDC_CONSTANT_MACROS    conftest.cpp  -lstdc++ >&5
configure:17040: $? = 0
configure:17040: ./conftest
configure:17040: $? = 0
configure:17055: result: 1
configure:17067: checking size of short
configure:17073: g++ -std=gnu++11 -o conftest  -D__STDC_CONSTANT_MACROS    conftest.cpp  -lstdc++ >&5
configure:17073: $? = 0
configure:17073: ./conftest
configure:17073: $? = 0
configure:17088: result: 2
configure:17100: checking size of unsigned short
configure:17106: g++ -std=gnu++11 -o conftest  -D__STDC_CONSTANT_MACROS    conftest.cpp  -lstdc++ >&5
configure:17106: $? = 0
configure:17106: ./conftest
configure:17106: $? = 0
configure:17121: result: 2
configure:17133: checking size of int
configure:17139: g++ -std=gnu++11 -o conftest  -D__STDC_CONSTANT_MACROS    conftest.cpp  -lstdc++ >&5
configure:17139: $? = 0
configure:17139: ./conftest
configure:17139: $? = 0
configure:17154: result: 4
configure:17166: checking size of unsigned int
configure:17172: g++ -std=gnu++11 -o conftest  -D__STDC_CONSTANT_MACROS    conftest.cpp  -lstdc++ >&5
configure:17172: $? = 0
configure:17172: ./conftest
configure:17172: $? = 0
configure:17187: result: 4
configure:17199: checking size of long
configure:17205: g++ -std=gnu++11 -o conftest  -D__STDC_CONSTANT_MACROS    conftest.cpp  -lstdc++ >&5
configure:17205: $? = 0
configure:17205: ./conftest
configure:17205: $? = 0
configure:17220: result: 8
configure:17232: checking size of unsigned long
configure:17238: g++ -std=gnu++11 -o conftest  -D__STDC_CONSTANT_MACROS    conftest.cpp  -lstdc++ >&5
configure:17238: $? = 0
configure:17238: ./conftest
configure:17238: $? = 0
configure:17253: result: 8
configure:17265: checking size of long long
configure:17271: g++ -std=gnu++11 -o conftest  -D__STDC_CONSTANT_MACROS    conftest.cpp  -lstdc++ >&5
configure:17271: $? = 0
configure:17271: ./conftest
configure:17271: $? = 0
configure:17286: result: 8
configure:17298: checking size of unsigned long long
configure:17304: g++ -std=gnu++11 -o conftest  -D__STDC_CONSTANT_MACROS    conftest.cpp  -lstdc++ >&5
configure:17304: $? = 0
configure:17304: ./conftest
configure:17304: $? = 0
configure:17319: result: 8
configure:17337: checking whether to build DCE 1.1 backward compatibility API
configure:17345: result: no
configure:17369: checking whether to build C++ bindings to C API
configure:17377: result: no
configure:21230: checking whether to build Perl bindings to C API
configure:21238: result: no
configure:21249: checking whether to build Perl compatibility API
configure:21257: result: no
configure:21282: checking for perl
configure:21305: found /usr/bin/perl
configure:21318: result: /usr/bin/perl
configure:21339: checking whether to build PHP bindings to C API
configure:21347: result: no
configure:21365: checking for php5
configure:21403: result: no
configure:21365: checking for php
configure:21403: result: no
configure:21428: checking whether to build PostgreSQL bindings to C API
configure:21436: result: no
configure:21454: checking for pg_config
configure:21492: result: no
configure:21514: checking for xdr_sizeof
configure:21514: g++ -std=gnu++11 -o conftest  -D__STDC_CONSTANT_MACROS    conftest.cpp  -lstdc++ >&5
/usr/bin/ld: /tmp/ccgzuSeR.o: in function `main':
conftest.cpp:(.text+0x5): undefined reference to `xdr_sizeof'
collect2: error: ld returned 1 exit status
configure:21514: $? = 1
configure: failed program was:
| /* confdefs.h */
| #define PACKAGE_NAME ""
| #define PACKAGE_TARNAME ""
| #define PACKAGE_VERSION ""
| #define PACKAGE_STRING ""
| #define PACKAGE_BUGREPORT ""
| #define PACKAGE_URL ""
| #define PACKAGE "lwfs"
| #define VERSION "0.1"
| #define HAVE_STDIO_H 1
| #define HAVE_STDLIB_H 1
| #define HAVE_STRING_H 1
| #define HAVE_INTTYPES_H 1
| #define HAVE_STDINT_H 1
| #define HAVE_STRINGS_H 1
| #define HAVE_SYS_STAT_H 1
| #define HAVE_SYS_TYPES_H 1
| #define HAVE_UNISTD_H 1
| #define STDC_HEADERS 1
| #define HAVE_DLFCN_H 1
| #define LT_OBJDIR ".libs/"
| #define HAVE_MALLOC_H 1
| #define HAVE_ARGP_H 1
| #define HAVE_GENGETOPT 1
| #define BDB_HEADER "db.h"
| #define HAVE_OPENSSL 1
| #define HAVE_PTHREAD 1
| #define PORTALS_HEADER "portals3.h"
| #define PORTALS_RT_HEADER "portals3.h"
| #define PORTALS_NAL_HEADER "portals3.h"
| #define HAVE_PTL_TIME_T 1
| #define HAVE_PTL_EQ_HANDLER_T 1
| #define HAVE_PTLERRORSTR 1
| #define HAVE_PTLNIFAILSTR 1
| #define HAVE_PTLEVENTKINDSTR 1
| #define HAVE_PTLGETJID 1
| #define HAVE_PTLACENTRY 1
| #define HAVE_PORTALS 1
| #define HAVE_RT 1
| #define HAVE_FLAG_O_DSYNC 1
| #define HAVE_SYS_TYPES_H 1
| #define HAVE_SYS_PARAM_H 1
| #define HAVE_SYS_TIME_H 1
| #define HAVE_SYS_SOCKET_H 1
| #define HAVE_SYS_IOCTL_H 1
| #define HAVE_NETDB_H 1
| #define HAVE_IFADDRS_H 1
| #define HAVE_NET_IF_H 1
| #define HAVE_NET_IF_ARP_H 1
| #define HAVE_NETINET_IN_H 1
| #define HAVE_ARPA_INET_H 1
| #define HAVE_GETIFADDRS 1
| #define HAVE_NANOSLEEP 1
| #define HAVE_LONG_LONG 1
| #define HAVE_LONG_DOUBLE 1
| #define SIZEOF_CHAR 1
| #define SIZEOF_UNSIGNED_CHAR 1
| #define SIZEOF_SHORT 2
| #define SIZEOF_UNSIGNED_SHORT 2
| #define SIZEOF_INT 4
| #define SIZEOF_UNSIGNED_INT 4
| #define SIZEOF_LONG 8
| #define SIZEOF_UNSIGNED_LONG 8
| #define SIZEOF_LONG_LONG 8
| #define SIZEOF_UNSIGNED_LONG_LONG 8
| /* end confdefs.h.  */
| /* Define xdr_sizeof to an innocuous variant, in case <limits.h> declares xdr_sizeof.
|    For example, HP-UX 11i <limits.h> declares gettimeofday.  */
| #define xdr_sizeof innocuous_xdr_sizeof
| 
| /* System header to define __stub macros and hopefully few prototypes,
|    which can conflict with char xdr_sizeof (); below.  */
| 
| #include <limits.h>
| #undef xdr_sizeof
| 
| /* Override any GCC internal prototype to avoid an error.
|    Use char because int might match the return type of a GCC
|    builtin and then its argument prototype would still apply.  */
| #ifdef __cplusplus
| extern "C"
| #endif
| char xdr_sizeof ();
| /* The GNU C library defines this for functions which it implements
|     to always fail with ENOSYS.  Some functions are actually named
|     something starting with __ and the normal name is an alias.  */
| #if defined __stub_xdr_sizeof || defined __stub___xdr_sizeof
| choke me
| #endif
| 
| int
| main (void)
| {
| return xdr_sizeof ();
|   ;
|   return 0;
| }
configure:21514: result: no
configure:21540: checking for clock_gettime
configure:21540: g++ -std=gnu++11 -o conftest  -D__STDC_CONSTANT_MACROS    conftest.cpp  -lstdc++ >&5
configure:21540: $? = 0
configure:21540: result: yes
configure:21546: checking for gettimeofday
configure:21546: g++ -std=gnu++11 -o conftest  -D__STDC_CONSTANT_MACROS    conftest.cpp  -lstdc++ >&5
configure:21546: $? = 0
configure:21546: result: yes
configure:21552: checking for fdatasync
configure:21552: g++ -std=gnu++11 -o conftest  -D__STDC_CONSTANT_MACROS    conftest.cpp  -lstdc++ >&5
configure:21552: $? = 0
configure:21552: result: yes
configure:21560: checking for uint32_t
configure:21560: g++ -std=gnu++11 -c  -D__STDC_CONSTANT_MACROS   conftest.cpp >&5
configure:21560: $? = 0
configure:21560: g++ -std=gnu++11 -c  -D__STDC_CONSTANT_MACROS   conftest.cpp >&5
conftest.cpp: In function 'int main()':
conftest.cpp:101:22: error: expected primary-expression before ')' token
 if (sizeof ((uint32_t)))
                      ^
configure:21560: $? = 1
configure: failed program was:
| /* confdefs.h */
| #define PACKAGE_NAME ""
| #define PACKAGE_TARNAME ""
| #define PACKAGE_VERSION ""
| #define PACKAGE_STRING ""
| #define PACKAGE_BUGREPORT ""
| #define PACKAGE_URL ""
| #define PACKAGE "lwfs"
| #define VERSION "0.1"
| #define HAVE_STDIO_H 1
| #define HAVE_STDLIB_H 1
| #define HAVE_STRING_H 1
| #define HAVE_INTTYPES_H 1
| #define HAVE_STDINT_H 1
| #define HAVE_STRINGS_H 1
| #define HAVE_SYS_STAT_H 1
| #define HAVE_SYS_TYPES_H 1
| #define HAVE_UNISTD_H 1
| #define STDC_HEADERS 1
| #define HAVE_DLFCN_H 1
| #define LT_OBJDIR ".libs/"
| #define HAVE_MALLOC_H 1
| #define HAVE_ARGP_H 1
| #define HAVE_GENGETOPT 1
| #define BDB_HEADER "db.h"
| #define HAVE_OPENSSL 1
| #define HAVE_PTHREAD 1
| #define PORTALS_HEADER "portals3.h"
| #define PORTALS_RT_HEADER "portals3.h"
| #define PORTALS_NAL_HEADER "portals3.h"
| #define HAVE_PTL_TIME_T 1
| #define HAVE_PTL_EQ_HANDLER_T 1
| #define HAVE_PTLERRORSTR 1
| #define HAVE_PTLNIFAILSTR 1
| #define HAVE_PTLEVENTKINDSTR 1
| #define HAVE_PTLGETJID 1
| #define HAVE_PTLACENTRY 1
| #define HAVE_PORTALS 1
| #define HAVE_RT 1
| #define HAVE_FLAG_O_DSYNC 1
| #define HAVE_SYS_TYPES_H 1
| #define HAVE_SYS_PARAM_H 1
| #define HAVE_SYS_TIME_H 1
| #define HAVE_SYS_SOCKET_H 1
| #define HAVE_SYS_IOCTL_H 1
| #define HAVE_NETDB_H 1
| #define HAVE_IFADDRS_H 1
| #define HAVE_NET_IF_H 1
| #define HAVE_NET_IF_ARP_H 1
| #define HAVE_NETINET_IN_H 1
| #define HAVE_ARPA_INET_H 1
| #define HAVE_GETIFADDRS 1
| #define HAVE_NANOSLEEP 1
| #define HAVE_LONG_LONG 1
| #define HAVE_LONG_DOUBLE 1
| #define SIZEOF_CHAR 1
| #define SIZEOF_UNSIGNED_CHAR 1
| #define SIZEOF_SHORT 2
| #define SIZEOF_UNSIGNED_SHORT 2
| #define SIZEOF_INT 4
| #define SIZEOF_UNSIGNED_INT 4
| #define SIZEOF_LONG 8
| #define SIZEOF_UNSIGNED_LONG 8
| #define SIZEOF_LONG_LONG 8
| #define SIZEOF_UNSIGNED_LONG_LONG 8
| #define HAVE_CLOCK_GETTIME 1
| #define HAVE_GETTIMEOFDAY 1
| #define HAVE_FDATASYNC 1
| /* end confdefs.h.  */
| #include <stddef.h>
| #ifdef HAVE_STDIO_H
| # include <stdio.h>
| #endif
| #ifdef HAVE_STDLIB_H
| # include <stdlib.h>
| #endif
| #ifdef HAVE_STRING_H
| # include <string.h>
| #endif
| #ifdef HAVE_INTTYPES_H
| # include <inttypes.h>
| #endif
| #ifdef HAVE_STDINT_H
| # include <stdint.h>
| #endif
| #ifdef HAVE_STRINGS_H
| # include <strings.h>
| #endif
| #ifdef HAVE_SYS_TYPES_H
| # include <sys/types.h>
| #endif
| #ifdef HAVE_SYS_STAT_H
| # include <sys/stat.h>
| #endif
| #ifdef HAVE_UNISTD_H
| # include <unistd.h>
| #endif
| int
| main (void)
| {
| if (sizeof ((uint32_t)))
| 	    return 0;
|   ;
|   return 0;
| }
configure:21560: result: yes
configure:21568: checking for uint64_t
configure:21568: g++ -std=gnu++11 -c  -D__STDC_CONSTANT_MACROS   conftest.cpp >&5
configure:21568: $? = 0
configure:21568: g++ -std=gnu++11 -c  -D__STDC_CONSTANT_MACROS   conftest.cpp >&5
conftest.cpp: In function 'int main()':
conftest.cpp:102:22: error: expected primary-expression before ')' token
 if (sizeof ((uint64_t)))
                      ^
configure:21568: $? = 1
configure: failed program was:
| /* confdefs.h */
| #define PACKAGE_NAME ""
| #define PACKAGE_TARNAME ""
| #define PACKAGE_VERSION ""
| #define PACKAGE_STRING ""
| #define PACKAGE_BUGREPORT ""
| #define PACKAGE_URL ""
| #define PACKAGE "lwfs"
| #define VERSION "0.1"
| #define HAVE_STDIO_H 1
| #define HAVE_STDLIB_H 1
| #define HAVE_STRING_H 1
| #define HAVE_INTTYPES_H 1
| #define HAVE_STDINT_H 1
| #define HAVE_STRINGS_H 1
| #define HAVE_SYS_STAT_H 1
| #define HAVE_SYS_TYPES_H 1
| #define HAVE_UNISTD_H 1
| #define STDC_HEADERS 1
| #define HAVE_DLFCN_H 1
| #define LT_OBJDIR ".libs/"
| #define HAVE_MALLOC_H 1
| #define HAVE_ARGP_H 1
| #define HAVE_GENGETOPT 1
| #define BDB_HEADER "db.h"
| #define HAVE_OPENSSL 1
| #define HAVE_PTHREAD 1
| #define PORTALS_HEADER "portals3.h"
| #define PORTALS_RT_HEADER "portals3.h"
| #define PORTALS_NAL_HEADER "portals3.h"
| #define HAVE_PTL_TIME_T 1
| #define HAVE_PTL_EQ_HANDLER_T 1
| #define HAVE_PTLERRORSTR 1
| #define HAVE_PTLNIFAILSTR 1
| #define HAVE_PTLEVENTKINDSTR 1
| #define HAVE_PTLGETJID 1
| #define HAVE_PTLACENTRY 1
| #define HAVE_PORTALS 1
| #define HAVE_RT 1
| #define HAVE_FLAG_O_DSYNC 1
| #define HAVE_SYS_TYPES_H 1
| #define HAVE_SYS_PARAM_H 1
| #define HAVE_SYS_TIME_H 1
| #define HAVE_SYS_SOCKET_H 1
| #define HAVE_SYS_IOCTL_H 1
| #define HAVE_NETDB_H 1
| #define HAVE_IFADDRS_H 1
| #define HAVE_NET_IF_H 1
| #define HAVE_NET_IF_ARP_H 1
| #define HAVE_NETINET_IN_H 1
| #define HAVE_ARPA_INET_H 1
| #define HAVE_GETIFADDRS 1
| #define HAVE_NANOSLEEP 1
| #define HAVE_LONG_LONG 1
| #define HAVE_LONG_DOUBLE 1
| #define SIZEOF_CHAR 1
| #define SIZEOF_UNSIGNED_CHAR 1
| #define SIZEOF_SHORT 2
| #define SIZEOF_UNSIGNED_SHORT 2
| #define SIZEOF_INT 4
| #define SIZEOF_UNSIGNED_INT 4
| #define SIZEOF_LONG 8
| #define SIZEOF_UNSIGNED_LONG 8
| #define SIZEOF_LONG_LONG 8
| #define SIZEOF_UNSIGNED_LONG_LONG 8
| #define HAVE_CLOCK_GETTIME 1
| #define HAVE_GETTIMEOFDAY 1
| #define HAVE_FDATASYNC 1
| #define HAVE_UINT32_T 1
| /* end confdefs.h.  */
| #include <stddef.h>
| #ifdef HAVE_STDIO_H
| # include <stdio.h>
| #endif
| #ifdef HAVE_STDLIB_H
| # include <stdlib.h>
| #endif
| #ifdef HAVE_STRING_H
| # include <string.h>
| #endif
| #ifdef HAVE_INTTYPES_H
| # include <inttypes.h>
| #endif
| #ifdef HAVE_STDINT_H
| # include <stdint.h>
| #endif
| #ifdef HAVE_STRINGS_H
| # include <strings.h>
| #endif
| #ifdef HAVE_SYS_TYPES_H
| # include <sys/types.h>
| #endif
| #ifdef HAVE_SYS_STAT_H
| # include <sys/stat.h>
| #endif
| #ifdef HAVE_UNISTD_H
| # include <unistd.h>
| #endif
| int
| main (void)
| {
| if (sizeof ((uint64_t)))
| 	    return 0;
|   ;
|   return 0;
| }
configure:21568: result: yes
configure:21577: checking for sigval_t
configure:21577: g++ -std=gnu++11 -c  -D__STDC_CONSTANT_MACROS   conftest.cpp >&5
configure:21577: $? = 0
configure:21577: g++ -std=gnu++11 -c  -D__STDC_CONSTANT_MACROS   conftest.cpp >&5
conftest.cpp: In function 'int main()':
conftest.cpp:77:22: error: expected primary-expression before ')' token
 if (sizeof ((sigval_t)))
                      ^
configure:21577: $? = 1
configure: failed program was:
| /* confdefs.h */
| #define PACKAGE_NAME ""
| #define PACKAGE_TARNAME ""
| #define PACKAGE_VERSION ""
| #define PACKAGE_STRING ""
| #define PACKAGE_BUGREPORT ""
| #define PACKAGE_URL ""
| #define PACKAGE "lwfs"
| #define VERSION "0.1"
| #define HAVE_STDIO_H 1
| #define HAVE_STDLIB_H 1
| #define HAVE_STRING_H 1
| #define HAVE_INTTYPES_H 1
| #define HAVE_STDINT_H 1
| #define HAVE_STRINGS_H 1
| #define HAVE_SYS_STAT_H 1
| #define HAVE_SYS_TYPES_H 1
| #define HAVE_UNISTD_H 1
| #define STDC_HEADERS 1
| #define HAVE_DLFCN_H 1
| #define LT_OBJDIR ".libs/"
| #define HAVE_MALLOC_H 1
| #define HAVE_ARGP_H 1
| #define HAVE_GENGETOPT 1
| #define BDB_HEADER "db.h"
| #define HAVE_OPENSSL 1
| #define HAVE_PTHREAD 1
| #define PORTALS_HEADER "portals3.h"
| #define PORTALS_RT_HEADER "portals3.h"
| #define PORTALS_NAL_HEADER "portals3.h"
| #define HAVE_PTL_TIME_T 1
| #define HAVE_PTL_EQ_HANDLER_T 1
| #define HAVE_PTLERRORSTR 1
| #define HAVE_PTLNIFAILSTR 1
| #define HAVE_PTLEVENTKINDSTR 1
| #define HAVE_PTLGETJID 1
| #define HAVE_PTLACENTRY 1
| #define HAVE_PORTALS 1
| #define HAVE_RT 1
| #define HAVE_FLAG_O_DSYNC 1
| #define HAVE_SYS_TYPES_H 1
| #define HAVE_SYS_PARAM_H 1
| #define HAVE_SYS_TIME_H 1
| #define HAVE_SYS_SOCKET_H 1
| #define HAVE_SYS_IOCTL_H 1
| #define HAVE_NETDB_H 1
| #define HAVE_IFADDRS_H 1
| #define HAVE_NET_IF_H 1
| #define HAVE_NET_IF_ARP_H 1
| #define HAVE_NETINET_IN_H 1
| #define HAVE_ARPA_INET_H 1
| #define HAVE_GETIFADDRS 1
| #define HAVE_NANOSLEEP 1
| #define HAVE_LONG_LONG 1
| #define HAVE_LONG_DOUBLE 1
| #define SIZEOF_CHAR 1
| #define SIZEOF_UNSIGNED_CHAR 1
| #define SIZEOF_SHORT 2
| #define SIZEOF_UNSIGNED_SHORT 2
| #define SIZEOF_INT 4
| #define SIZEOF_UNSIGNED_INT 4
| #define SIZEOF_LONG 8
| #define SIZEOF_UNSIGNED_LONG 8
| #define SIZEOF_LONG_LONG 8
| #define SIZEOF_UNSIGNED_LONG_LONG 8
| #define HAVE_CLOCK_GETTIME 1
| #define HAVE_GETTIMEOFDAY 1
| #define HAVE_FDATASYNC 1
| #define HAVE_UINT32_T 1
| #define HAVE_UINT64_T 1
| /* end confdefs.h.  */
| #include <signal.h>
| 
| int
| main (void)
| {
| if (sizeof ((sigval_t)))
| 	    return 0;
|   ;
|   return 0;
| }
configure:21577: result: yes
configure:21649: checking for gethostbyname in -lnsl
configure:21682: result: no
configure:21694: WARNING: libnsl not found, continuing without it
configure:21802: checking that generated files are newer than configure
configure:21808: result: done
configure:21995: creating ./config.status

## ---------------------- ##
## Running config.status. ##
## ---------------------- ##

This file was extended by config.status, which was
generated by GNU Autoconf 2.71.  Invocation command line was

  CONFIG_FILES    = 
  CONFIG_HEADERS  = 
  CONFIG_LINKS    = 
  CONFIG_COMMANDS = 
  $ ./config.status 

on lwz-ubuntu

config.status:1334: creating Makefile
config.status:1334: creating src/Makefile
config.status:1334: creating src/support/Makefile
config.status:1334: creating src/support/hashtable/Makefile
config.status:1334: creating src/support/list/Makefile
config.status:1334: creating src/support/logger/Makefile
config.status:1334: creating src/support/signal/Makefile
config.status:1334: creating src/support/stats/Makefile
config.status:1334: creating src/support/threadpool/Makefile
config.status:1334: creating src/support/timer/Makefile
config.status:1334: creating src/support/trace/Makefile
config.status:1334: creating src/support/ezxml/Makefile
config.status:1334: creating src/support/sysmon/Makefile
config.status:1334: creating src/support/ptl_uuid/Makefile
config.status:1334: creating src/common/Makefile
config.status:1334: creating src/common/types/Makefile
config.status:1334: creating src/common/config_parser/Makefile
config.status:1334: creating src/common/rpc_common/Makefile
config.status:1334: creating src/common/authr_common/Makefile
config.status:1334: creating src/common/storage_common/Makefile
config.status:1334: creating src/common/naming_common/Makefile
config.status:1334: creating src/server/Makefile
config.status:1334: creating src/server/rpc_server/Makefile
config.status:1334: creating src/server/authr_server/Makefile
config.status:1334: creating src/server/storage_server/Makefile
config.status:1334: creating src/server/naming_server/Makefile
config.status:1334: creating src/client/Makefile
config.status:1334: creating src/client/rpc_client/Makefile
config.status:1334: creating src/client/authr_client/Makefile
config.status:1334: creating src/client/storage_client/Makefile
config.status:1334: creating src/client/naming_client/Makefile
config.status:1334: creating src/client/txn/Makefile
config.status:1334: creating src/client/sysio_client/Makefile
config.status:1334: creating src/progs/Makefile
config.status:1334: creating src/progs/lwfs-kill/Makefile
config.status:1334: creating src/progs/lwfs-ping/Makefile
config.status:1334: creating src/progs/lwfs-nid/Makefile
config.status:1334: creating src/config.h
config.status:1515: src/config.h is unchanged
config.status:1563: executing depfiles commands
config.status:1640: cd src/support/hashtable       && sed -e '/# am--include-marker/d' Makefile         | make -f - am--depfiles
make: Nothing to be done for 'am--depfiles'.
config.status:1645: $? = 0
config.status:1640: cd src/support/list       && sed -e '/# am--include-marker/d' Makefile         | make -f - am--depfiles
make: Nothing to be done for 'am--depfiles'.
config.status:1645: $? = 0
config.status:1640: cd src/support/logger       && sed -e '/# am--include-marker/d' Makefile         | make -f - am--depfiles
make: Nothing to be done for 'am--depfiles'.
config.status:1645: $? = 0
config.status:1640: cd src/support/signal       && sed -e '/# am--include-marker/d' Makefile         | make -f - am--depfiles
make: Nothing to be done for 'am--depfiles'.
config.status:1645: $? = 0
config.status:1640: cd src/support/stats       && sed -e '/# am--include-marker/d' Makefile         | make -f - am--depfiles
make: Nothing to be done for 'am--depfiles'.
config.status:1645: $? = 0
config.status:1640: cd src/support/threadpool       && sed -e '/# am--include-marker/d' Makefile         | make -f - am--depfiles
make: Nothing to be done for 'am--depfiles'.
config.status:1645: $? = 0
config.status:1640: cd src/support/timer       && sed -e '/# am--include-marker/d' Makefile         | make -f - am--depfiles
make: Nothing to be done for 'am--depfiles'.
config.status:1645: $? = 0
config.status:1640: cd src/support/trace       && sed -e '/# am--include-marker/d' Makefile         | make -f - am--depfiles
make: Nothing to be done for 'am--depfiles'.
config.status:1645: $? = 0
config.status:1640: cd src/support/ezxml       && sed -e '/# am--include-marker/d' Makefile         | make -f - am--depfiles
make: Nothing to be done for 'am--depfiles'.
config.status:1645: $? = 0
config.status:1640: cd src/support/sysmon       && sed -e '/# am--include-marker/d' Makefile         | make -f - am--depfiles
make: Nothing to be done for 'am--depfiles'.
config.status:1645: $? = 0
config.status:1640: cd src/support/ptl_uuid       && sed -e '/# am--include-marker/d' Makefile         | make -f - am--depfiles
make: Nothing to be done for 'am--depfiles'.
config.status:1645: $? = 0
config.status:1640: cd src/common/types       && sed -e '/# am--include-marker/d' Makefile         | make -f - am--depfiles
make: Nothing to be done for 'am--depfiles'.
config.status:1645: $? = 0
config.status:1640: cd src/common/config_parser       && sed -e '/# am--include-marker/d' Makefile         | make -f - am--depfiles
make: Nothing to be done for 'am--depfiles'.
config.status:1645: $? = 0
config.status:1640: cd src/common/rpc_common       && sed -e '/# am--include-marker/d' Makefile         | make -f - am--depfiles
make: Nothing to be done for 'am--depfiles'.
config.status:1645: $? = 0
config.status:1640: cd src/common/authr_common       && sed -e '/# am--include-marker/d' Makefile         | make -f - am--depfiles
make: Nothing to be done for 'am--depfiles'.
config.status:1645: $? = 0
config.status:1640: cd src/common/storage_common       && sed -e '/# am--include-marker/d' Makefile         | make -f - am--depfiles
make: Nothing to be done for 'am--depfiles'.
config.status:1645: $? = 0
config.status:1640: cd src/common/naming_common       && sed -e '/# am--include-marker/d' Makefile         | make -f - am--depfiles
make: Nothing to be done for 'am--depfiles'.
config.status:1645: $? = 0
config.status:1640: cd src/server/rpc_server       && sed -e '/# am--include-marker/d' Makefile         | make -f - am--depfiles
make: Nothing to be done for 'am--depfiles'.
config.status:1645: $? = 0
config.status:1640: cd src/server/authr_server       && sed -e '/# am--include-marker/d' Makefile         | make -f - am--depfiles
make: Nothing to be done for 'am--depfiles'.
config.status:1645: $? = 0
config.status:1640: cd src/server/storage_server       && sed -e '/# am--include-marker/d' Makefile         | make -f - am--depfiles
make: Nothing to be done for 'am--depfiles'.
config.status:1645: $? = 0
config.status:1640: cd src/server/naming_server       && sed -e '/# am--include-marker/d' Makefile         | make -f - am--depfiles
make: Nothing to be done for 'am--depfiles'.
config.status:1645: $? = 0
config.status:1640: cd src/client/rpc_client       && sed -e '/# am--include-marker/d' Makefile         | make -f - am--depfiles
make: Nothing to be done for 'am--depfiles'.
config.status:1645: $? = 0
config.status:1640: cd src/client/authr_client       && sed -e '/# am--include-marker/d' Makefile         | make -f - am--depfiles
make: Nothing to be done for 'am--depfiles'.
config.status:1645: $? = 0
config.status:1640: cd src/client/storage_client       && sed -e '/# am--include-marker/d' Makefile         | make -f - am--depfiles
make: Nothing to be done for 'am--depfiles'.
config.status:1645: $? = 0
config.status:1640: cd src/client/naming_client       && sed -e '/# am--include-marker/d' Makefile         | make -f - am--depfiles
make: Nothing to be done for 'am--depfiles'.
config.status:1645: $? = 0
config.status:1640: cd src/client/txn       && sed -e '/# am--include-marker/d' Makefile         | make -f - am--depfiles
make: Nothing to be done for 'am--depfiles'.
config.status:1645: $? = 0
config.status:1640: cd src/client/sysio_client       && sed -e '/# am--include-marker/d' Makefile         | make -f - am--depfiles
make: Nothing to be done for 'am--depfiles'.
config.status:1645: $? = 0
config.status:1640: cd src/progs/lwfs-kill       && sed -e '/# am--include-marker/d' Makefile         | make -f - am--depfiles
make: Nothing to be done for 'am--depfiles'.
config.status:1645: $? = 0
config.status:1640: cd src/progs/lwfs-ping       && sed -e '/# am--include-marker/d' Makefile         | make -f - am--depfiles
make: Nothing to be done for 'am--depfiles'.
config.status:1645: $? = 0
config.status:1640: cd src/progs/lwfs-nid       && sed -e '/# am--include-marker/d' Makefile         | make -f - am--depfiles
make: Nothing to be done for 'am--depfiles'.
config.status:1645: $? = 0
config.status:1563: executing libtool commands
config.status:1563: executing src/common/types/lwfs_int.h commands
config.status:2383: creating src/common/types/lwfs_int.h : _LWFS_SRC_COMMON_TYPES_LWFS_INT_H
config.status:2815: src/common/types/lwfs_int.h is unchanged
configure:24994: === configuring in testing (/home/lwz/lwfs/testing)
configure:25055: running /bin/bash ./configure --disable-option-checking '--prefix=/usr/local'  '--enable-server' '--with-bdb-dir=/usr/local/BerkeleyDB.4.2' '--with-berkeley-db=/usr/local/BerkeleyDB.4.2' '--enable-client' '--enable-testing' '--enable-testing-servers' --cache-file=/dev/null --srcdir=.

## ---------------- ##
## Cache variables. ##
## ---------------- ##

ac_cv_build=x86_64-unknown-linux-gnu
ac_cv_c_compiler_gnu=yes
ac_cv_cxx_compiler_gnu=yes
ac_cv_env_CCC_set=
ac_cv_env_CCC_value=
ac_cv_env_CC_set=
ac_cv_env_CC_value=
ac_cv_env_CFLAGS_set=
ac_cv_env_CFLAGS_value=
ac_cv_env_CPPFLAGS_set=
ac_cv_env_CPPFLAGS_value=
ac_cv_env_CXXCPP_set=
ac_cv_env_CXXCPP_value=
ac_cv_env_CXXFLAGS_set=
ac_cv_env_CXXFLAGS_value=
ac_cv_env_CXX_set=
ac_cv_env_CXX_value=
ac_cv_env_LDFLAGS_set=
ac_cv_env_LDFLAGS_value=
ac_cv_env_LIBS_set=
ac_cv_env_LIBS_value=
ac_cv_env_LT_SYS_LIBRARY_PATH_set=
ac_cv_env_LT_SYS_LIBRARY_PATH_value=
ac_cv_env_build_alias_set=
ac_cv_env_build_alias_value=
ac_cv_env_host_alias_set=
ac_cv_env_host_alias_value=
ac_cv_env_target_alias_set=
ac_cv_env_target_alias_value=
ac_cv_func_PtlACEntry=yes
ac_cv_func_PtlErrorStr=yes
ac_cv_func_PtlEventKindStr=yes
ac_cv_func_PtlGetJid=yes
ac_cv_func_PtlNIFailStr=yes
ac_cv_func_clock_gettime=yes
ac_cv_func_fdatasync=yes
ac_cv_func_getifaddrs=yes
ac_cv_func_gettimeofday=yes
ac_cv_func_nanosleep=yes
ac_cv_func_xdr_sizeof=no
ac_cv_header_Attributes_h=no
ac_cv_header_aio_h=yes
ac_cv_header_argp_h=yes
ac_cv_header_arpa_inet_h=yes
ac_cv_header_disksim_iosim_h=no
ac_cv_header_dlfcn_h=yes
ac_cv_header_ifaddrs_h=yes
ac_cv_header_inttypes_h=yes
ac_cv_header_malloc_h=yes
ac_cv_header_net_if_arp_h=yes
ac_cv_header_net_if_dl_h=no
ac_cv_header_net_if_h=yes
ac_cv_header_netdb_h=yes
ac_cv_header_netinet_in_h=yes
ac_cv_header_openssl_hmac_h=yes
ac_cv_header_portals3_h=yes
ac_cv_header_stdint=stdint.h
ac_cv_header_stdint_h=yes
ac_cv_header_stdint_t=stdint.h
ac_cv_header_stdio_h=yes
ac_cv_header_stdlib_h=yes
ac_cv_header_string_h=yes
ac_cv_header_strings_h=yes
ac_cv_header_sys_ioctl_h=yes
ac_cv_header_sys_param_h=yes
ac_cv_header_sys_socket_h=yes
ac_cv_header_sys_sockio_h=no
ac_cv_header_sys_stat_h=yes
ac_cv_header_sys_time_h=yes
ac_cv_header_sys_types_h=yes
ac_cv_header_unistd_h=yes
ac_cv_host=x86_64-unknown-linux-gnu
ac_cv_lib_nsl_gethostbyname=no
ac_cv_lib_nsl_gethostname=no
ac_cv_lib_socket_accept=no
ac_cv_objext=o
ac_cv_path_EGREP='/usr/bin/grep -E'
ac_cv_path_FGREP='/usr/bin/grep -F'
ac_cv_path_GENGETOPT=/usr/bin/gengetopt
ac_cv_path_GREP=/usr/bin/grep
ac_cv_path_MKFS_EBOFS=not_found
ac_cv_path_PERL=/usr/bin/perl
ac_cv_path_SED=/usr/bin/sed
ac_cv_path_install='/usr/bin/install -c'
ac_cv_path_lt_DD=/usr/bin/dd
ac_cv_path_mkdir=/usr/bin/mkdir
ac_cv_prog_AWK=mawk
ac_cv_prog_PTHREAD_CC=gcc
ac_cv_prog_ac_ct_AR=ar
ac_cv_prog_ac_ct_CC=gcc
ac_cv_prog_ac_ct_CXX=g++
ac_cv_prog_ac_ct_FILECMD=file
ac_cv_prog_ac_ct_MANIFEST_TOOL=mt
ac_cv_prog_ac_ct_OBJDUMP=objdump
ac_cv_prog_ac_ct_RANLIB=ranlib
ac_cv_prog_ac_ct_STRIP=strip
ac_cv_prog_cc_c11=
ac_cv_prog_cc_g=yes
ac_cv_prog_cc_stdc=
ac_cv_prog_cxx_cxx11=-std=gnu++11
ac_cv_prog_cxx_g=yes
ac_cv_prog_cxx_stdcxx=-std=gnu++11
ac_cv_prog_make_make_set=yes
ac_cv_search_PtlInit=-lportals3
ac_cv_search__sysio_do_mount=no
ac_cv_sizeof_char=1
ac_cv_sizeof_int=4
ac_cv_sizeof_long=8
ac_cv_sizeof_long_long=8
ac_cv_sizeof_short=2
ac_cv_sizeof_unsigned_char=1
ac_cv_sizeof_unsigned_int=4
ac_cv_sizeof_unsigned_long=8
ac_cv_sizeof_unsigned_long_long=8
ac_cv_sizeof_unsigned_short=2
ac_cv_stdint_message='using gnu compiler gcc (Ubuntu 5.3.1-14ubuntu2) 5.3.1 20160413'
ac_cv_stdint_result='(assuming C99 compatible system)'
ac_cv_type_long_double=yes
ac_cv_type_long_long=yes
ac_cv_type_ptl_eq_handler_t=yes
ac_cv_type_ptl_time_t=yes
ac_cv_type_sigval_t=yes
ac_cv_type_uint32_t=yes
ac_cv_type_uint64_t=yes
ac_cv_va_copy=C99
ac_cv_with_cxx=no
ac_cv_with_dce=no
ac_cv_with_perl=no
ac_cv_with_perl_compat=no
ac_cv_with_pgsql=no
ac_cv_with_php=no
am_cv_CC_dependencies_compiler_type=gcc3
am_cv_CXX_dependencies_compiler_type=gcc3
am_cv_make_support_nested_variables=yes
am_cv_prog_cc_c_o=yes
lt_cv_ar_at_file=@
lt_cv_archive_cmds_need_lc=no
lt_cv_deplibs_check_method=pass_all
lt_cv_file_magic_cmd='$MAGIC_CMD'
lt_cv_file_magic_test_file=
lt_cv_ld_reload_flag=-r
lt_cv_nm_interface='BSD nm'
lt_cv_objdir=.libs
lt_cv_path_LD=/usr/bin/ld
lt_cv_path_NM='/usr/bin/nm -B'
lt_cv_path_mainfest_tool=no
lt_cv_prog_compiler_c_o=yes
lt_cv_prog_compiler_pic='-fPIC -DPIC'
lt_cv_prog_compiler_pic_works=yes
lt_cv_prog_compiler_rtti_exceptions=no
lt_cv_prog_compiler_static_works=yes
lt_cv_prog_gnu_ld=yes
lt_cv_sharedlib_from_linklib_cmd='printf %s\n'
lt_cv_shlibpath_overrides_runpath=yes
lt_cv_sys_global_symbol_pipe='/usr/bin/sed -n -e '\''s/^.*[	 ]\([ABCDGIRSTW][ABCDGIRSTW]*\)[	 ][	 ]*\([_A-Za-z][_A-Za-z0-9]*\)$/\1 \2 \2/p'\'' | /usr/bin/sed '\''/ __gnu_lto/d'\'''
lt_cv_sys_global_symbol_to_c_name_address='/usr/bin/sed -n -e '\''s/^: \(.*\) .*$/  {"\1", (void *) 0},/p'\'' -e '\''s/^[ABCDGIRSTW][ABCDGIRSTW]* .* \(.*\)$/  {"\1", (void *) \&\1},/p'\'''
lt_cv_sys_global_symbol_to_c_name_address_lib_prefix='/usr/bin/sed -n -e '\''s/^: \(.*\) .*$/  {"\1", (void *) 0},/p'\'' -e '\''s/^[ABCDGIRSTW][ABCDGIRSTW]* .* \(lib.*\)$/  {"\1", (void *) \&\1},/p'\'' -e '\''s/^[ABCDGIRSTW][ABCDGIRSTW]* .* \(.*\)$/  {"lib\1", (void *) \&\1},/p'\'''
lt_cv_sys_global_symbol_to_cdecl='/usr/bin/sed -n -e '\''s/^T .* \(.*\)$/extern int \1();/p'\'' -e '\''s/^[ABCDGIRSTW][ABCDGIRSTW]* .* \(.*\)$/extern char \1;/p'\'''
lt_cv_sys_global_symbol_to_import=
lt_cv_sys_max_cmd_len=1572864
lt_cv_to_host_file_cmd=func_convert_file_noop
lt_cv_to_tool_file_cmd=func_convert_file_noop
lt_cv_truncate_bin='/usr/bin/dd bs=4096 count=1'

## ----------------- ##
## Output variables. ##
## ----------------- ##

ACLOCAL='aclocal-1.16'
AMDEPBACKSLASH='\'
AMDEP_FALSE='#'
AMDEP_TRUE=''
AMTAR='$${TAR-tar}'
AM_BACKSLASH='\'
AM_DEFAULT_V='$(AM_DEFAULT_VERBOSITY)'
AM_DEFAULT_VERBOSITY='1'
AM_V='$(V)'
AR='ar'
AUTOCONF='autoconf'
AUTOHEADER='autoheader'
AUTOMAKE='automake-1.16'
AWK='mawk'
BDB_CPPFLAGS='-I/usr/local/BerkeleyDB.4.2/include'
BDB_LDFLAGS='-L/usr/local/BerkeleyDB.4.2/lib'
BDB_LIBS='-ldb'
BUILD_CLIENT_FALSE='#'
BUILD_CLIENT_TRUE=''
BUILD_DOCS_FALSE=''
BUILD_DOCS_TRUE='#'
BUILD_SERVER_FALSE='#'
BUILD_SERVER_TRUE=''
BUILD_TESTS_FALSE='#'
BUILD_TESTS_TRUE=''
CC='gcc'
CCDEPMODE='depmode=gcc3'
CFLAGS='-g -O2 -I/usr/local/BerkeleyDB.4.2/include -L/usr/local/BerkeleyDB.4.2/lib'
CPPFLAGS='  -I/usr/local/BerkeleyDB.4.2/include -L/usr/local/BerkeleyDB.4.2/lib'
CSCOPE='cscope'
CTAGS='ctags'
CXX='g++ -std=gnu++11'
CXXCPP=''
CXXDEPMODE='depmode=gcc3'
CXXFLAGS=' -D__STDC_CONSTANT_MACROS'
CXX_NAME=''
CYGPATH_W='echo'
DCE_NAME=''
DEFS='-DHAVE_CONFIG_H'
DEPDIR='.deps'
DISKSIM_CFLAGS=''
DISKSIM_CPPFLAGS=''
DISKSIM_LDFLAGS=''
DISKSIM_LIBS='-ldisksim -lparam -ldiskmodel -lm'
DLLTOOL='false'
DSYMUTIL=''
DUMPBIN=''
EBOFS_CFLAGS=''
EBOFS_CPPFLAGS=''
EBOFS_LDFLAGS=''
EBOFS_LIBS='-lebofs'
ECHO_C=''
ECHO_N='-n'
ECHO_T=''
EGREP='/usr/bin/grep -E'
ETAGS='etags'
EXEEXT=''
FGREP='/usr/bin/grep -F'
FILECMD='file'
GENGETOPT='/usr/bin/gengetopt'
GREP='/usr/bin/grep'
HAVE_BDB_FALSE='#'
HAVE_BDB_TRUE=''
HAVE_DISKSIM_FALSE=''
HAVE_DISKSIM_TRUE='#'
HAVE_EBOFS_FALSE=''
HAVE_EBOFS_TRUE='#'
HAVE_GENGETOPT_FALSE='#'
HAVE_GENGETOPT_TRUE=''
HAVE_LIBSYSIO_FALSE=''
HAVE_LIBSYSIO_TRUE='#'
HAVE_OPENSSL_FALSE='#'
HAVE_OPENSSL_TRUE=''
HAVE_PABLO_FALSE=''
HAVE_PABLO_TRUE='#'
HAVE_PORTALS_FALSE='#'
HAVE_PORTALS_TRUE=''
HAVE_PTHREAD_FALSE='#'
HAVE_PTHREAD_TRUE=''
HAVE_RT_FALSE='#'
HAVE_RT_TRUE=''
INSTALL_DATA='${INSTALL} -m 644'
INSTALL_PROGRAM='${INSTALL}'
INSTALL_SCRIPT='${INSTALL}'
INSTALL_STRIP_PROGRAM='$(install_sh) -c -s'
LD='/usr/bin/ld -m elf_x86_64'
LDFLAGS=''
LIBOBJS=''
LIBS=' -lstdc++ -ltirpc'
LIBSYSIO_CPPFLAGS=''
LIBSYSIO_LDFLAGS=''
LIBSYSIO_LIBS=''
LIBTOOL='$(SHELL) $(top_builddir)/libtool'
LIPO=''
LN_S='ln -s'
LTLIBOBJS=''
LT_SYS_LIBRARY_PATH=''
MAKEINFO='makeinfo'
MANIFEST_TOOL=':'
MKDIR_P='/usr/bin/mkdir -p'
MKFS_EBOFS='not_found'
NEED_DARWIN_SINGLE_MODULE_FALSE=''
NEED_DARWIN_SINGLE_MODULE_TRUE='#'
NEED_LWFS_XDR_SIZEOF_FALSE='#'
NEED_LWFS_XDR_SIZEOF_TRUE=''
NM='/usr/bin/nm -B'
NMEDIT=''
OBJDUMP='objdump'
OBJEXT='o'
OPENSSL_CFLAGS=' '
OPENSSL_CPPFLAGS=''
OPENSSL_LDFLAGS=''
OPENSSL_LIBS=' -lcrypto'
OTOOL64=''
OTOOL=''
PABLO_CPPFLAGS=''
PABLO_LDFLAGS=''
PABLO_LIBS=''
PACKAGE='lwfs'
PACKAGE_BUGREPORT=''
PACKAGE_NAME=''
PACKAGE_STRING=''
PACKAGE_TARNAME=''
PACKAGE_URL=''
PACKAGE_VERSION=''
PATH_SEPARATOR=':'
PERL='/usr/bin/perl'
PERL_NAME=''
PGSQL_NAME=''
PG_CONFIG='NA'
PHP='NA'
PHP_NAME=''
PORTALS_CFLAGS='   '
PORTALS_CPPFLAGS='   '
PORTALS_HEADER='portals3.h'
PORTALS_LDFLAGS=''
PORTALS_LIBS='-lportals3  -lcrypto -lcrypto'
PORTALS_NAL_HEADER='portals3.h'
PORTALS_RT_HEADER='portals3.h'
PTHREAD_CC='gcc'
PTHREAD_CFLAGS=''
PTHREAD_LIBS=''
RANLIB='ranlib'
RT_CFLAGS=' '
RT_CPPFLAGS=''
RT_LDFLAGS=''
RT_LIBS=' -lcrypto'
SED='/usr/bin/sed'
SET_MAKE=''
SHELL='/bin/bash'
STRIP='strip'
VERSION='0.1'
WITH_CXX='no'
WITH_DCE='no'
WITH_PERL='no'
WITH_PERL_COMPAT='0'
WITH_PGSQL='no'
WITH_PHP='no'
ac_ct_AR='ar'
ac_ct_CC='gcc'
ac_ct_CXX='g++'
ac_ct_DUMPBIN=''
am__EXEEXT_FALSE=''
am__EXEEXT_TRUE='#'
am__fastdepCC_FALSE='#'
am__fastdepCC_TRUE=''
am__fastdepCXX_FALSE='#'
am__fastdepCXX_TRUE=''
am__include='include'
am__isrc=''
am__leading_dot='.'
am__nodep='_no'
am__quote=''
am__tar='$${TAR-tar} chof - "$$tardir"'
am__untar='$${TAR-tar} xf -'
bindir='${exec_prefix}/bin'
build='x86_64-unknown-linux-gnu'
build_alias=''
build_cpu='x86_64'
build_os='linux-gnu'
build_vendor='unknown'
datadir='${datarootdir}'
datarootdir='${prefix}/share'
docdir='${datarootdir}/doc/${PACKAGE}'
dvidir='${docdir}'
exec_prefix='${prefix}'
host='x86_64-unknown-linux-gnu'
host_alias=''
host_cpu='x86_64'
host_os='linux-gnu'
host_vendor='unknown'
htmldir='${docdir}'
includedir='${prefix}/include'
infodir='${datarootdir}/info'
install_sh='${SHELL} /home/lwz/lwfs/config/install-sh'
libdir='${exec_prefix}/lib'
libexecdir='${exec_prefix}/libexec'
localedir='${datarootdir}/locale'
localstatedir='${prefix}/var'
mandir='${datarootdir}/man'
mkdir_p='$(MKDIR_P)'
oldincludedir='/usr/include'
pdfdir='${docdir}'
prefix='/usr/local'
program_transform_name='s,x,x,'
psdir='${docdir}'
runstatedir='${localstatedir}/run'
sbindir='${exec_prefix}/sbin'
sharedstatedir='${prefix}/com'
subdirs=' testing'
sysconfdir='${prefix}/etc'
target_alias=''

## ----------- ##
## confdefs.h. ##
## ----------- ##

/* confdefs.h */
#define PACKAGE_NAME ""
#define PACKAGE_TARNAME ""
#define PACKAGE_VERSION ""
#define PACKAGE_STRING ""
#define PACKAGE_BUGREPORT ""
#define PACKAGE_URL ""
#define PACKAGE "lwfs"
#define VERSION "0.1"
#define HAVE_STDIO_H 1
#define HAVE_STDLIB_H 1
#define HAVE_STRING_H 1
#define HAVE_INTTYPES_H 1
#define HAVE_STDINT_H 1
#define HAVE_STRINGS_H 1
#define HAVE_SYS_STAT_H 1
#define HAVE_SYS_TYPES_H 1
#define HAVE_UNISTD_H 1
#define STDC_HEADERS 1
#define HAVE_DLFCN_H 1
#define LT_OBJDIR ".libs/"
#define HAVE_MALLOC_H 1
#define HAVE_ARGP_H 1
#define HAVE_GENGETOPT 1
#define BDB_HEADER "db.h"
#define HAVE_OPENSSL 1
#define HAVE_PTHREAD 1
#define PORTALS_HEADER "portals3.h"
#define PORTALS_RT_HEADER "portals3.h"
#define PORTALS_NAL_HEADER "portals3.h"
#define HAVE_PTL_TIME_T 1
#define HAVE_PTL_EQ_HANDLER_T 1
#define HAVE_PTLERRORSTR 1
#define HAVE_PTLNIFAILSTR 1
#define HAVE_PTLEVENTKINDSTR 1
#define HAVE_PTLGETJID 1
#define HAVE_PTLACENTRY 1
#define HAVE_PORTALS 1
#define HAVE_RT 1
#define HAVE_FLAG_O_DSYNC 1
#define HAVE_SYS_TYPES_H 1
#define HAVE_SYS_PARAM_H 1
#define HAVE_SYS_TIME_H 1
#define HAVE_SYS_SOCKET_H 1
#define HAVE_SYS_IOCTL_H 1
#define HAVE_NETDB_H 1
#define HAVE_IFADDRS_H 1
#define HAVE_NET_IF_H 1
#define HAVE_NET_IF_ARP_H 1
#define HAVE_NETINET_IN_H 1
#define HAVE_ARPA_INET_H 1
#define HAVE_GETIFADDRS 1
#define HAVE_NANOSLEEP 1
#define HAVE_LONG_LONG 1
#define HAVE_LONG_DOUBLE 1
#define SIZEOF_CHAR 1
#define SIZEOF_UNSIGNED_CHAR 1
#define SIZEOF_SHORT 2
#define SIZEOF_UNSIGNED_SHORT 2
#define SIZEOF_INT 4
#define SIZEOF_UNSIGNED_INT 4
#define SIZEOF_LONG 8
#define SIZEOF_UNSIGNED_LONG 8
#define SIZEOF_LONG_LONG 8
#define SIZEOF_UNSIGNED_LONG_LONG 8
#define HAVE_CLOCK_GETTIME 1
#define HAVE_GETTIMEOFDAY 1
#define HAVE_FDATASYNC 1
#define HAVE_UINT32_T 1
#define HAVE_UINT64_T 1
#define HAVE_SIGVAL_T 1

configure: exit 0
